Workbook

Sheet Flights
A1: Date | B1: WeekNum | C1: WeekDay | D1: Flight | E1: Airline | F1: Origin | G1: Destination | H1: Destination City | I1: Destination State | J1: Scheduled Departure | K1: Scheduled Departure Hour | L1: Departure | M1: Departure Delay | N1: Length (min) | O1: Length(hr) | P1: Distance | Q1: AverageSpreed | R1: Scheduled Arrival | S1: Arrival | T1: Arrival Delay | U1: Status | V1: Depart Type | W1: Compansation | X1: Cancellation Reason
A2: 42005 | B2: =WEEKNUM(Flights!$A2,2) -> 1 | C2: =WEEKDAY(Flights!$A2,2) -> 4 | D2: AA258 | E2: American Airlines | F2: LAX | G2: MIA | H2: =_xlfn.XLOOKUP(Flights!$G2,Airports!$A$2:$A$77,Airports!$D$2:$D$77,"Not Code Found") -> Miami | I2: =_xlfn.XLOOKUP(Flights!$G2,Airports!$A$2:$A$77,Airports!$E$2:$E$77,"Not Code Found") -> FL | J2: 0.013888889 | K2: =HOUR(Flights!$J2) -> 0 | L2: 0.010416667 | M2: -5 | N2: 281 | O2: =Flights!$N2/60 -> 4.6833333 | P2: 2342 | Q2: =Flights!$P2/Flights!$O2 -> 500.07117 | R2: 0.33680556 | S2: 0.33055556 | T2: -9 | U2: =IF(Flights!$T2="","Cancel",IF(Flights!$T2>15,"Delay","On Time")) -> On Time | V2: =IF(Flights!$U2<>"Delay","",IF(Flights!$T2>120,"Severe",IF(Flights!$T2>60,"Major","Moderate"))) | W2: =IF(OR(AND(Flights!$U2="Cancel",Flights!$X2="Airline/Carrier"),Flights!$V2="severe"),"Yes","No") -> No
A3: 42005 | B3: =WEEKNUM(Flights!$A3,2) -> 1 | C3: =WEEKDAY(Flights!$A3,2) -> 4 | D3: WN2077 | E3: Southwest | F3: LAX | G3: ABQ | H3: =_xlfn.XLOOKUP(Flights!$G3,Airports!$A$2:$A$77,Airports!$D$2:$D$77,"Not Code Found") -> Albuquerque | I3: =_xlfn.XLOOKUP(Flights!$G3,Airports!$A$2:$A$77,Airports!$E$2:$E$77,"Not Code Found") -> NM | J3: 0.40972222 | K3: =HOUR(Flights!$J3) -> 9 | L3: 0.40486111 | M3: -7 | N3: 109 | O3: =Flights!$N3/60 -> 1.8166667 | P3: 677 | Q3: =Flights!$P3/Flights!$O3 -> 372.66055 | R3: 0.52430556 | S3: 0.52222222 | T3: -3 | U3: =IF(Flights!$T3="","Cancel",IF(Flights!$T3>15,"Delay","On Time")) -> On Time | V3: =IF(Flights!$U3<>"Delay","",IF(Flights!$T3>120,"Severe",IF(Flights!$T3>60,"Major","Moderate"))) | W3: =IF(OR(AND(Flights!$U3="Cancel",Flights!$X3="Airline/Carrier"),Flights!$V3="severe"),"Yes","No") -> No
A4: 42005 | B4: =WEEKNUM(Flights!$A4,2) -> 1 | C4: =WEEKDAY(Flights!$A4,2) -> 4 | D4: US726 | E4: US Airways | F4: LAX | G4: PIT | H4: =_xlfn.XLOOKUP(Flights!$G4,Airports!$A$2:$A$77,Airports!$D$2:$D$77,"Not Code Found") -> Pittsburgh | I4: =_xlfn.XLOOKUP(Flights!$G4,Airports!$A$2:$A$77,Airports!$E$2:$E$77,"Not Code Found") -> PA | J4: 0.47916667 | K4: =HOUR(Flights!$J4) -> 11 | L4: 0.48680556 | M4: 11 | N4: 282 | O4: =Flights!$N4/60 -> 4.7 | P4: 2136 | Q4: =Flights!$P4/Flights!$O4 -> 454.46809 | R4: 0.79097222 | S4: 0.80763889 | T4: 24 | U4: =IF(Flights!$T4="","Cancel",IF(Flights!$T4>15,"Delay","On Time")) -> Delay | V4: =IF(Flights!$U4<>"Delay","",IF(Flights!$T4>120,"Severe",IF(Flights!$T4>60,"Major","Moderate"))) -> Moderate | W4: =IF(OR(AND(Flights!$U4="Cancel",Flights!$X4="Airline/Carrier"),Flights!$V4="severe"),"Yes","No") -> No
A5: 42005 | B5: =WEEKNUM(Flights!$A5,2) -> 1 | C5: =WEEKDAY(Flights!$A5,2) -> 4 | D5: AA2419 | E5: American Airlines | F5: LAX | G5: DFW | H5: =_xlfn.XLOOKUP(Flights!$G5,Airports!$A$2:$A$77,Airports!$D$2:$D$77,"Not Code Found") -> Dallas | I5: =_xlfn.XLOOKUP(Flights!$G5,Airports!$A$2:$A$77,Airports!$E$2:$E$77,"Not Code Found") -> TX | J5: 0.48958333 | K5: =HOUR(Flights!$J5) -> 11 | L5: 0.50972222 | M5: 29 | N5: 194 | O5: =Flights!$N5/60 -> 3.2333333 | P5: 1235 | Q5: =Flights!$P5/Flights!$O5 -> 381.95876 | R5: 0.70138889 | S5: 0.72777778 | T5: 38 | U5: =IF(Flights!$T5="","Cancel",IF(Flights!$T5>15,"Delay","On Time")) -> Delay | V5: =IF(Flights!$U5<>"Delay","",IF(Flights!$T5>120,"Severe",IF(Flights!$T5>60,"Major","Moderate"))) -> Moderate | W5: =IF(OR(AND(Flights!$U5="Cancel",Flights!$X5="Airline/Carrier"),Flights!$V5="severe"),"Yes","No") -> No
A6: 42005 | B6: =WEEKNUM(Flights!$A6,2) -> 1 | C6: =WEEKDAY(Flights!$A6,2) -> 4 | D6: OO4535 | E6: Skywest | F6: LAX | G6: LAS | H6: =_xlfn.XLOOKUP(Flights!$G6,Airports!$A$2:$A$77,Airports!$D$2:$D$77,"Not Code Found") -> Las Vegas | I6: =_xlfn.XLOOKUP(Flights!$G6,Airports!$A$2:$A$77,Airports!$E$2:$E$77,"Not Code Found") -> NV | J6: 0.52777778 | K6: =HOUR(Flights!$J6) -> 12 | L6: 0.52569444 | M6: -3 | N6: 71 | O6: =Flights!$N6/60 -> 1.1833333 | P6: 236 | Q6: =Flights!$P6/Flights!$O6 -> 199.43662 | R6: 0.57916667 | S6: 0.575 | T6: -6 | U6: =IF(Flights!$T6="","Cancel",IF(Flights!$T6>15,"Delay","On Time")) -> On Time | V6: =IF(Flights!$U6<>"Delay","",IF(Flights!$T6>120,"Severe",IF(Flights!$T6>60,"Major","Moderate"))) | W6: =IF(OR(AND(Flights!$U6="Cancel",Flights!$X6="Airline/Carrier"),Flights!$V6="severe"),"Yes","No") -> No
A7: 42005 | B7: =WEEKNUM(Flights!$A7,2) -> 1 | C7: =WEEKDAY(Flights!$A7,2) -> 4 | D7: VX412 | E7: Virgin America | F7: LAX | G7: JFK | H7: =_xlfn.XLOOKUP(Flights!$G7,Airports!$A$2:$A$77,Airports!$D$2:$D$77,"Not Code Found") -> New York | I7: =_xlfn.XLOOKUP(Flights!$G7,Airports!$A$2:$A$77,Airports!$E$2:$E$77,"Not Code Found") -> NY | J7: 0.56944444 | K7: =HOUR(Flights!$J7) -> 13 | L7: 0.56597222 | M7: -5 | N7: 298 | O7: =Flights!$N7/60 -> 4.9666667 | P7: 2475 | Q7: =Flights!$P7/Flights!$O7 -> 498.32215 | R7: 0.91666667 | S7: 0.89791667 | T7: -27 | U7: =IF(Flights!$T7="","Cancel",IF(Flights!$T7>15,"Delay","On Time")) -> On Time | V7: =IF(Flights!$U7<>"Delay","",IF(Flights!$T7>120,"Severe",IF(Flights!$T7>60,"Major","Moderate"))) | W7: =IF(OR(AND(Flights!$U7="Cancel",Flights!$X7="Airline/Carrier"),Flights!$V7="severe"),"Yes","No") -> No
A8: 42005 | B8: =WEEKNUM(Flights!$A8,2) -> 1 | C8: =WEEKDAY(Flights!$A8,2) -> 4 | D8: AA28 | E8: American Airlines | F8: LAX | G8: MIA | H8: =_xlfn.XLOOKUP(Flights!$G8,Airports!$A$2:$A$77,Airports!$D$2:$D$77,"Not Code Found") -> Miami | I8: =_xlfn.XLOOKUP(Flights!$G8,Airports!$A$2:$A$77,Airports!$E$2:$E$77,"Not Code Found") -> FL | J8: 0.625 | K8: =HOUR(Flights!$J8) -> 15 | L8: 0.62222222 | M8: -4 | N8: 305 | O8: =Flights!$N8/60 -> 5.0833333 | P8: 2342 | Q8: =Flights!$P8/Flights!$O8 -> 460.72131 | R8: 0.95138889 | S8: 0.95902778 | T8: 11 | U8: =IF(Flights!$T8="","Cancel",IF(Flights!$T8>15,"Delay","On Time")) -> On Time | V8: =IF(Flights!$U8<>"Delay","",IF(Flights!$T8>120,"Severe",IF(Flights!$T8>60,"Major","Moderate"))) | W8: =IF(OR(AND(Flights!$U8="Cancel",Flights!$X8="Airline/Carrier"),Flights!$V8="severe"),"Yes","No") -> No
A9: 42005 | B9: =WEEKNUM(Flights!$A9,2) -> 1 | C9: =WEEKDAY(Flights!$A9,2) -> 4 | D9: OO6528 | E9: Skywest | F9: LAX | G9: PHX | H9: =_xlfn.XLOOKUP(Flights!$G9,Airports!$A$2:$A$77,Airports!$D$2:$D$77,"Not Code Found") -> Phoenix | I9: =_xlfn.XLOOKUP(Flights!$G9,Airports!$A$2:$A$77,Airports!$E$2:$E$77,"Not Code Found") -> AZ | J9: 0.69513889 | K9: =HOUR(Flights!$J9) -> 16 | L9: 0.69027778 | M9: -7 | N9: 80 | O9: =Flights!$N9/60 -> 1.3333333 | P9: 370 | Q9: =Flights!$P9/Flights!$O9 -> 277.5 | R9: 0.79513889 | S9: 0.7875 | T9: -11 | U9: =IF(Flights!$T9="","Cancel",IF(Flights!$T9>15,"Delay","On Time")) -> On Time | V9: =IF(Flights!$U9<>"Delay","",IF(Flights!$T9>120,"Severe",IF(Flights!$T9>60,"Major","Moderate"))) | W9: =IF(OR(AND(Flights!$U9="Cancel",Flights!$X9="Airline/Carrier"),Flights!$V9="severe"),"Yes","No") -> No
A10: 42005 | B10: =WEEKNUM(Flights!$A10,2) -> 1 | C10: =WEEKDAY(Flights!$A10,2) -> 4 | D10: AS461 | E10: Alaska Airlines | F10: LAX | G10: SEA | H10: =_xlfn.XLOOKUP(Flights!$G10,Airports!$A$2:$A$77,Airports!$D$2:$D$77,"Not Code Found") -> Seattle | I10: =_xlfn.XLOOKUP(Flights!$G10,Airports!$A$2:$A$77,Airports!$E$2:$E$77,"Not Code Found") -> WA | J10: 0.73611111 | K10: =HOUR(Flights!$J10) -> 17 | L10: 0.73125 | M10: -7 | N10: 162 | O10: =Flights!$N10/60 -> 2.7 | P10: 954 | Q10: =Flights!$P10/Flights!$O10 -> 353.33333 | R10: 0.84791667 | S10: 0.84375 | T10: -6 | U10: =IF(Flights!$T10="","Cancel",IF(Flights!$T10>15,"Delay","On Time")) -> On Time | V10: =IF(Flights!$U10<>"Delay","",IF(Flights!$T10>120,"Severe",IF(Flights!$T10>60,"Major","Moderate"))) | W10: =IF(OR(AND(Flights!$U10="Cancel",Flights!$X10="Airline/Carrier"),Flights!$V10="severe"),"Yes","No") -> No
A11: 42005 | B11: =WEEKNUM(Flights!$A11,2) -> 1 | C11: =WEEKDAY(Flights!$A11,2) -> 4 | D11: AA219 | E11: American Airlines | F11: LAX | G11: SFO | H11: =_xlfn.XLOOKUP(Flights!$G11,Airports!$A$2:$A$77,Airports!$D$2:$D$77,"Not Code Found") -> San Francisco | I11: =_xlfn.XLOOKUP(Flights!$G11,Airports!$A$2:$A$77,Airports!$E$2:$E$77,"Not Code Found") -> CA | J11: 0.75 | K11: =HOUR(Flights!$J11) -> 18 | L11: 0.74791667 | M11: -3 | N11: 76 | O11: =Flights!$N11/60 -> 1.2666667 | P11: 337 | Q11: =Flights!$P11/Flights!$O11 -> 266.05263 | R11: 0.80555556 | S11: 0.80069444 | T11: -7 | U11: =IF(Flights!$T11="","Cancel",IF(Flights!$T11>15,"Delay","On Time")) -> On Time | V11: =IF(Flights!$U11<>"Delay","",IF(Flights!$T11>120,"Severe",IF(Flights!$T11>60,"Major","Moderate"))) | W11: =IF(OR(AND(Flights!$U11="Cancel",Flights!$X11="Airline/Carrier"),Flights!$V11="severe"),"Yes","No") -> No
A12: 42005 | B12: =WEEKNUM(Flights!$A12,2) -> 1 | C12: =WEEKDAY(Flights!$A12,2) -> 4 | D12: NK310 | E12: Spirit | F12: LAX | G12: FLL | H12: =_xlfn.XLOOKUP(Flights!$G12,Airports!$A$2:$A$77,Airports!$D$2:$D$77,"Not Code Found") -> Fort Lauderdale | I12: =_xlfn.XLOOKUP(Flights!$G12,Airports!$A$2:$A$77,Airports!$E$2:$E$77,"Not Code Found") -> FL | J12: 0.875 | K12: =HOUR(Flights!$J12) -> 21 | L12: 0.88055556 | M12: 8 | N12: 286 | O12: =Flights!$N12/60 -> 4.7666667 | P12: 2342 | Q12: =Flights!$P12/Flights!$O12 -> 491.32867 | R12: 0.19513889 | S12: 0.20416667 | T12: 13 | U12: =IF(Flights!$T12="","Cancel",IF(Flights!$T12>15,"Delay","On Time")) -> On Time | V12: =IF(Flights!$U12<>"Delay","",IF(Flights!$T12>120,"Severe",IF(Flights!$T12>60,"Major","Moderate"))) | W12: =IF(OR(AND(Flights!$U12="Cancel",Flights!$X12="Airline/Carrier"),Flights!$V12="severe"),"Yes","No") -> No
A13: 42005 | B13: =WEEKNUM(Flights!$A13,2) -> 1 | C13: =WEEKDAY(Flights!$A13,2) -> 4 | D13: OO2578 | E13: Skywest | F13: LAX | G13: SJC | H13: =_xlfn.XLOOKUP(Flights!$G13,Airports!$A$2:$A$77,Airports!$D$2:$D$77,"Not Code Found") -> San Jose | I13: =_xlfn.XLOOKUP(Flights!$G13,Airports!$A$2:$A$77,Airports!$E$2:$E$77,"Not Code Found") -> CA | J13: 0.89236111 | K13: =HOUR(Flights!$J13) -> 21 | L13: 0.91736111 | M13: 36 | N13: 65 | O13: =Flights!$N13/60 -> 1.0833333 | P13: 308 | Q13: =Flights!$P13/Flights!$O13 -> 284.30769 | R13: 0.94097222 | S13: 0.9625 | T13: 31 | U13: =IF(Flights!$T13="","Cancel",IF(Flights!$T13>15,"Delay","On Time")) -> Delay | V13: =IF(Flights!$U13<>"Delay","",IF(Flights!$T13>120,"Severe",IF(Flights!$T13>60,"Major","Moderate"))) -> Moderate | W13: =IF(OR(AND(Flights!$U13="Cancel",Flights!$X13="Airline/Carrier"),Flights!$V13="severe"),"Yes","No") -> No
... A74: 42010 | B74: =WEEKNUM(Flights!$A74,2) -> 2 | C74: =WEEKDAY(Flights!$A74,2) -> 2 | D74: AA247 | E74: American Airlines | F74: LAX | G74: KOA | H74: =_xlfn.XLOOKUP(Flights!$G74,Airports!$A$2:$A$77,Airports!$D$2:$D$77,"Not Code Found") -> Kona | I74: =_xlfn.XLOOKUP(Flights!$G74,Airports!$A$2:$A$77,Airports!$E$2:$E$77,"Not Code Found") -> HI | J74: 0.71527778 | K74: =HOUR(Flights!$J74) -> 17 | L74: 0.70902778 | M74: -9 | N74: 358 | O74: =Flights!$N74/60 -> 5.9666667 | P74: 2504 | Q74: =Flights!$P74/Flights!$O74 -> 419.6648 | R74: 0.87916667 | S74: 0.87430556 | T74: -7 | U74: =IF(Flights!$T74="","Cancel",IF(Flights!$T74>15,"Delay","On Time")) -> On Time | V74: =IF(Flights!$U74<>"Delay","",IF(Flights!$T74>120,"Severe",IF(Flights!$T74>60,"Major","Moderate"))) | W74: =IF(OR(AND(Flights!$U74="Cancel",Flights!$X74="Airline/Carrier"),Flights!$V74="severe"),"Yes","No") -> No
A75: 42010 | B75: =WEEKNUM(Flights!$A75,2) -> 2 | C75: =WEEKDAY(Flights!$A75,2) -> 2 | D75: OO4678 | E75: Skywest | F75: LAX | G75: BOI | H75: =_xlfn.XLOOKUP(Flights!$G75,Airports!$A$2:$A$77,Airports!$D$2:$D$77,"Not Code Found") -> Boise | I75: =_xlfn.XLOOKUP(Flights!$G75,Airports!$A$2:$A$77,Airports!$E$2:$E$77,"Not Code Found") -> ID | J75: 0.77083333 | K75: =HOUR(Flights!$J75) -> 18 | L75: 0 | O75: =Flights!$N75/60 -> 0 | P75: 674 | Q75: =Flights!$P75/Flights!$O75 -> #DIV/0! | R75: 0.89791667 | S75: 0 | U75: =IF(Flights!$T75="","Cancel",IF(Flights!$T75>15,"Delay","On Time")) -> Cancel | V75: =IF(Flights!$U75<>"Delay","",IF(Flights!$T75>120,"Severe",IF(Flights!$T75>60,"Major","Moderate"))) | W75: =IF(OR(AND(Flights!$U75="Cancel",Flights!$X75="Airline/Carrier"),Flights!$V75="severe"),"Yes","No") -> No | X75: Weather
A76: 42010 | B76: =WEEKNUM(Flights!$A76,2) -> 2 | C76: =WEEKDAY(Flights!$A76,2) -> 2 | D76: AA1410 | E76: American Airlines | F76: LAX | G76: LAS | H76: =_xlfn.XLOOKUP(Flights!$G76,Airports!$A$2:$A$77,Airports!$D$2:$D$77,"Not Code Found") -> Las Vegas | I76: =_xlfn.XLOOKUP(Flights!$G76,Airports!$A$2:$A$77,Airports!$E$2:$E$77,"Not Code Found") -> NV | J76: 0.93333333 | K76: =HOUR(Flights!$J76) -> 22 | L76: 0.92916667 | M76: -6 | N76: 64 | O76: =Flights!$N76/60 -> 1.0666667 | P76: 236 | Q76: =Flights!$P76/Flights!$O76 -> 221.25 | R76: 0.98263889 | S76: 0.97361111 | T76: -13 | U76: =IF(Flights!$T76="","Cancel",IF(Flights!$T76>15,"Delay","On Time")) -> On Time | V76: =IF(Flights!$U76<>"Delay","",IF(Flights!$T76>120,"Severe",IF(Flights!$T76>60,"Major","Moderate"))) | W76: =IF(OR(AND(Flights!$U76="Cancel",Flights!$X76="Airline/Carrier"),Flights!$V76="severe"),"Yes","No") -> No
A77: 42010 | B77: =WEEKNUM(Flights!$A77,2) -> 2 | C77: =WEEKDAY(Flights!$A77,2) -> 2 | D77: B6688 | E77: JetBlue | F77: LAX | G77: BOS | H77: =_xlfn.XLOOKUP(Flights!$G77,Airports!$A$2:$A$77,Airports!$D$2:$D$77,"Not Code Found") -> Boston | I77: =_xlfn.XLOOKUP(Flights!$G77,Airports!$A$2:$A$77,Airports!$E$2:$E$77,"Not Code Found") -> MA | J77: 0.99236111 | K77: =HOUR(Flights!$J77) -> 23 | L77: 0.03125 | M77: 56 | N77: 303 | O77: =Flights!$N77/60 -> 5.05 | P77: 2611 | Q77: =Flights!$P77/Flights!$O77 -> 517.0297 | R77: 0.33958333 | S77: 0.36666667 | T77: 39 | U77: =IF(Flights!$T77="","Cancel",IF(Flights!$T77>15,"Delay","On Time")) -> Delay | V77: =IF(Flights!$U77<>"Delay","",IF(Flights!$T77>120,"Severe",IF(Flights!$T77>60,"Major","Moderate"))) -> Moderate | W77: =IF(OR(AND(Flights!$U77="Cancel",Flights!$X77="Airline/Carrier"),Flights!$V77="severe"),"Yes","No") -> No
A78: 42011 | B78: =WEEKNUM(Flights!$A78,2) -> 2 | C78: =WEEKDAY(Flights!$A78,2) -> 3 | D78: AA387 | E78: American Airlines | F78: LAX | G78: AUS | H78: =_xlfn.XLOOKUP(Flights!$G78,Airports!$A$2:$A$77,Airports!$D$2:$D$77,"Not Code Found") -> Austin | I78: =_xlfn.XLOOKUP(Flights!$G78,Airports!$A$2:$A$77,Airports!$E$2:$E$77,"Not Code Found") -> TX | J78: 0.26736111 | K78: =HOUR(Flights!$J78) -> 6 | L78: 0.2625 | M78: -7 | N78: 186 | O78: =Flights!$N78/60 -> 3.1 | P78: 1242 | Q78: =Flights!$P78/Flights!$O78 -> 400.64516 | R78: 0.47291667 | S78: 0.475 | T78: 3 | U78: =IF(Flights!$T78="","Cancel",IF(Flights!$T78>15,"Delay","On Time")) -> On Time | V78: =IF(Flights!$U78<>"Delay","",IF(Flights!$T78>120,"Severe",IF(Flights!$T78>60,"Major","Moderate"))) | W78: =IF(OR(AND(Flights!$U78="Cancel",Flights!$X78="Airline/Carrier"),Flights!$V78="severe"),"Yes","No") -> No
A79: 42011 | B79: =WEEKNUM(Flights!$A79,2) -> 2 | C79: =WEEKDAY(Flights!$A79,2) -> 3 | D79: WN2864 | E79: Southwest | F79: LAX | G79: BWI | H79: =_xlfn.XLOOKUP(Flights!$G79,Airports!$A$2:$A$77,Airports!$D$2:$D$77,"Not Code Found") -> Baltimore | I79: =_xlfn.XLOOKUP(Flights!$G79,Airports!$A$2:$A$77,Airports!$E$2:$E$77,"Not Code Found") -> MD | J79: 0.29166667 | K79: =HOUR(Flights!$J79) -> 7 | L79: 0.29722222 | M79: 8 | N79: 283 | O79: =Flights!$N79/60 -> 4.7166667 | P79: 2329 | Q79: =Flights!$P79/Flights!$O79 -> 493.78092 | R79: 0.62152778 | S79: 0.61875 | T79: -4 | U79: =IF(Flights!$T79="","Cancel",IF(Flights!$T79>15,"Delay","On Time")) -> On Time | V79: =IF(Flights!$U79<>"Delay","",IF(Flights!$T79>120,"Severe",IF(Flights!$T79>60,"Major","Moderate"))) | W79: =IF(OR(AND(Flights!$U79="Cancel",Flights!$X79="Airline/Carrier"),Flights!$V79="severe"),"Yes","No") -> No
A80: 42011 | B80: =WEEKNUM(Flights!$A80,2) -> 2 | C80: =WEEKDAY(Flights!$A80,2) -> 3 | D80: UA1203 | E80: United | F80: LAX | G80: SFO | H80: =_xlfn.XLOOKUP(Flights!$G80,Airports!$A$2:$A$77,Airports!$D$2:$D$77,"Not Code Found") -> San Francisco | I80: =_xlfn.XLOOKUP(Flights!$G80,Airports!$A$2:$A$77,Airports!$E$2:$E$77,"Not Code Found") -> CA | J80: 0.33333333 | K80: =HOUR(Flights!$J80) -> 8 | L80: 0.33680556 | M80: 5 | N80: 75 | O80: =Flights!$N80/60 -> 1.25 | P80: 337 | Q80: =Flights!$P80/Flights!$O80 -> 269.6 | R80: 0.39930556 | S80: 0.38888889 | T80: -15 | U80: =IF(Flights!$T80="","Cancel",IF(Flights!$T80>15,"Delay","On Time")) -> On Time | V80: =IF(Flights!$U80<>"Delay","",IF(Flights!$T80>120,"Severe",IF(Flights!$T80>60,"Major","Moderate"))) | W80: =IF(OR(AND(Flights!$U80="Cancel",Flights!$X80="Airline/Carrier"),Flights!$V80="severe"),"Yes","No") -> No
A81: 42011 | B81: =WEEKNUM(Flights!$A81,2) -> 2 | C81: =WEEKDAY(Flights!$A81,2) -> 3 | D81: UA1658 | E81: United | F81: LAX | G81: DEN | H81: =_xlfn.XLOOKUP(Flights!$G81,Airports!$A$2:$A$77,Airports!$D$2:$D$77,"Not Code Found") -> Denver | I81: =_xlfn.XLOOKUP(Flights!$G81,Airports!$A$2:$A$77,Airports!$E$2:$E$77,"Not Code Found") -> CO | J81: 0.34375 | K81: =HOUR(Flights!$J81) -> 8 | L81: 0.35 | M81: 9 | N81: 214 | O81: =Flights!$N81/60 -> 3.5666667 | P81: 862 | Q81: =Flights!$P81/Flights!$O81 -> 241.68224 | R81: 0.48611111 | S81: 0.54027778 | T81: 78 | U81: =IF(Flights!$T81="","Cancel",IF(Flights!$T81>15,"Delay","On Time")) -> Delay | V81: =IF(Flights!$U81<>"Delay","",IF(Flights!$T81>120,"Severe",IF(Flights!$T81>60,"Major","Moderate"))) -> Major | W81: =IF(OR(AND(Flights!$U81="Cancel",Flights!$X81="Airline/Carrier"),Flights!$V81="severe"),"Yes","No") -> No
A82: 42011 | B82: =WEEKNUM(Flights!$A82,2) -> 2 | C82: =WEEKDAY(Flights!$A82,2) -> 3 | D82: AA265 | E82: American Airlines | F82: LAX | G82: LIH | H82: =_xlfn.XLOOKUP(Flights!$G82,Airports!$A$2:$A$77,Airports!$D$2:$D$77,"Not Code Found") -> Lihue | I82: =_xlfn.XLOOKUP(Flights!$G82,Airports!$A$2:$A$77,Airports!$E$2:$E$77,"Not Code Found") -> HI | J82: 0.38541667 | K82: =HOUR(Flights!$J82) -> 9 | L82: 0.38055556 | M82: -7 | N82: 389 | O82: =Flights!$N82/60 -> 6.4833333 | P82: 2615 | Q82: =Flights!$P82/Flights!$O82 -> 403.3419 | R82: 0.56597222 | S82: 0.56736111 | T82: 2 | U82: =IF(Flights!$T82="","Cancel",IF(Flights!$T82>15,"Delay","On Time")) -> On Time | V82: =IF(Flights!$U82<>"Delay","",IF(Flights!$T82>120,"Severe",IF(Flights!$T82>60,"Major","Moderate"))) | W82: =IF(OR(AND(Flights!$U82="Cancel",Flights!$X82="Airline/Carrier"),Flights!$V82="severe"),"Yes","No") -> No
A83: 42011 | B83: =WEEKNUM(Flights!$A83,2) -> 2 | C83: =WEEKDAY(Flights!$A83,2) -> 3 | D83: WN2152 | E83: Southwest | F83: LAX | G83: SFO | H83: =_xlfn.XLOOKUP(Flights!$G83,Airports!$A$2:$A$77,Airports!$D$2:$D$77,"Not Code Found") -> San Francisco | I83: =_xlfn.XLOOKUP(Flights!$G83,Airports!$A$2:$A$77,Airports!$E$2:$E$77,"Not Code Found") -> CA | J83: 0.40972222 | K83: =HOUR(Flights!$J83) -> 9 | L83: 0.40902778 | M83: -1 | N83: 66 | O83: =Flights!$N83/60 -> 1.1 | P83: 337 | Q83: =Flights!$P83/Flights!$O83 -> 306.36364 | R83: 0.47222222 | S83: 0.45486111 | T83: -25 | U83: =IF(Flights!$T83="","Cancel",IF(Flights!$T83>15,"Delay","On Time")) -> On Time | V83: =IF(Flights!$U83<>"Delay","",IF(Flights!$T83>120,"Severe",IF(Flights!$T83>60,"Major","Moderate"))) | W83: =IF(OR(AND(Flights!$U83="Cancel",Flights!$X83="Airline/Carrier"),Flights!$V83="severe"),"Yes","No") -> No
A84: 42011 | B84: =WEEKNUM(Flights!$A84,2) -> 2 | C84: =WEEKDAY(Flights!$A84,2) -> 3 | D84: WN4304 | E84: Southwest | F84: LAX | G84: SJC | H84: =_xlfn.XLOOKUP(Flights!$G84,Airports!$A$2:$A$77,Airports!$D$2:$D$77,"Not Code Found") -> San Jose | I84: =_xlfn.XLOOKUP(Flights!$G84,Airports!$A$2:$A$77,Airports!$E$2:$E$77,"Not Code Found") -> CA | J84: 0.45833333 | K84: =HOUR(Flights!$J84) -> 11 | L84: 0.46111111 | M84: 4 | N84: 63 | O84: =Flights!$N84/60 -> 1.05 | P84: 308 | Q84: =Flights!$P84/Flights!$O84 -> 293.33333 | R84: 0.50347222 | S84: 0.50486111 | T84: 2 | U84: =IF(Flights!$T84="","Cancel",IF(Flights!$T84>15,"Delay","On Time")) -> On Time | V84: =IF(Flights!$U84<>"Delay","",IF(Flights!$T84>120,"Severe",IF(Flights!$T84>60,"Major","Moderate"))) | W84: =IF(OR(AND(Flights!$U84="Cancel",Flights!$X84="Airline/Carrier"),Flights!$V84="severe"),"Yes","No") -> No
A85: 42011 | B85: =WEEKNUM(Flights!$A85,2) -> 2 | C85: =WEEKDAY(Flights!$A85,2) -> 3 | D85: OO4825 | E85: Skywest | F85: LAX | G85: SJC | H85: =_xlfn.XLOOKUP(Flights!$G85,Airports!$A$2:$A$77,Airports!$D$2:$D$77,"Not Code Found") -> San Jose | I85: =_xlfn.XLOOKUP(Flights!$G85,Airports!$A$2:$A$77,Airports!$E$2:$E$77,"Not Code Found") -> CA | J85: 0.52777778 | K85: =HOUR(Flights!$J85) -> 12 | L85: 0.53472222 | M85: 10 | N85: 67 | O85: =Flights!$N85/60 -> 1.1166667 | P85: 308 | Q85: =Flights!$P85/Flights!$O85 -> 275.8209 | R85: 0.57986111 | S85: 0.58125 | T85: 2 | U85: =IF(Flights!$T85="","Cancel",IF(Flights!$T85>15,"Delay","On Time")) -> On Time | V85: =IF(Flights!$U85<>"Delay","",IF(Flights!$T85>120,"Severe",IF(Flights!$T85>60,"Major","Moderate"))) | W85: =IF(OR(AND(Flights!$U85="Cancel",Flights!$X85="Airline/Carrier"),Flights!$V85="severe"),"Yes","No") -> No
A86: 42011 | B86: =WEEKNUM(Flights!$A86,2) -> 2 | C86: =WEEKDAY(Flights!$A86,2) -> 3 | D86: OO6496 | E86: Skywest | F86: LAX | G86: COS | H86: =_xlfn.XLOOKUP(Flights!$G86,Airports!$A$2:$A$77,Airports!$D$2:$D$77,"Not Code Found") -> Colorado Springs | I86: =_xlfn.XLOOKUP(Flights!$G86,Airports!$A$2:$A$77,Airports!$E$2:$E$77,"Not Code Found") -> CO | J86: 0.79861111 | K86: =HOUR(Flights!$J86) -> 19 | L86: 0.79375 | M86: -7 | N86: 148 | O86: =Flights!$N86/60 -> 2.4666667 | P86: 833 | Q86: =Flights!$P86/Flights!$O86 -> 337.7027 | R86: 0.93194444 | S86: 0.93819444 | T86: 9 | U86: =IF(Flights!$T86="","Cancel",IF(Flights!$T86>15,"Delay","On Time")) -> On Time | V86: =IF(Flights!$U86<>"Delay","",IF(Flights!$T86>120,"Severe",IF(Flights!$T86>60,"Major","Moderate"))) | W86: =IF(OR(AND(Flights!$U86="Cancel",Flights!$X86="Airline/Carrier"),Flights!$V86="severe"),"Yes","No") -> No
A87: 42012 | B87: =WEEKNUM(Flights!$A87,2) -> 2 | C87: =WEEKDAY(Flights!$A87,2) -> 4 | D87: WN4236 | E87: Southwest | F87: LAX | G87: OAK | H87: =_xlfn.XLOOKUP(Flights!$G87,Airports!$A$2:$A$77,Airports!$D$2:$D$77,"Not Code Found") -> Oakland | I87: =_xlfn.XLOOKUP(Flights!$G87,Airports!$A$2:$A$77,Airports!$E$2:$E$77,"Not Code Found") -> CA | J87: 0.375 | K87: =HOUR(Flights!$J87) -> 9 | L87: 0.37361111 | M87: -2 | N87: 65 | O87: =Flights!$N87/60 -> 1.0833333 | P87: 337 | Q87: =Flights!$P87/Flights!$O87 -> 311.07692 | R87: 0.43055556 | S87: 0.41875 | T87: -17 | U87: =IF(Flights!$T87="","Cancel",IF(Flights!$T87>15,"Delay","On Time")) -> On Time | V87: =IF(Flights!$U87<>"Delay","",IF(Flights!$T87>120,"Severe",IF(Flights!$T87>60,"Major","Moderate"))) | W87: =IF(OR(AND(Flights!$U87="Cancel",Flights!$X87="Airline/Carrier"),Flights!$V87="severe"),"Yes","No") -> No
... A95: 42012 | B95: =WEEKNUM(Flights!$A95,2) -> 2 | C95: =WEEKDAY(Flights!$A95,2) -> 4 | D95: UA438 | E95: United | F95: LAX | G95: ORD | H95: =_xlfn.XLOOKUP(Flights!$G95,Airports!$A$2:$A$77,Airports!$D$2:$D$77,"Not Code Found") -> Chicago | I95: =_xlfn.XLOOKUP(Flights!$G95,Airports!$A$2:$A$77,Airports!$E$2:$E$77,"Not Code Found") -> IL | J95: 0.71458333 | K95: =HOUR(Flights!$J95) -> 17 | L95: 0.71111111 | M95: -5 | N95: 349 | O95: =Flights!$N95/60 -> 5.8166667 | P95: 1744 | Q95: =Flights!$P95/Flights!$O95 -> 299.82808 | R95: 0.97222222 | S95: 0.036805556 | T95: 93 | U95: =IF(Flights!$T95="","Cancel",IF(Flights!$T95>15,"Delay","On Time")) -> Delay | V95: =IF(Flights!$U95<>"Delay","",IF(Flights!$T95>120,"Severe",IF(Flights!$T95>60,"Major","Moderate"))) -> Major | W95: =IF(OR(AND(Flights!$U95="Cancel",Flights!$X95="Airline/Carrier"),Flights!$V95="severe"),"Yes","No") -> No
A96: 42012 | B96: =WEEKNUM(Flights!$A96,2) -> 2 | C96: =WEEKDAY(Flights!$A96,2) -> 4 | D96: OO2600 | E96: Skywest | F96: LAX | G96: RDM | H96: =_xlfn.XLOOKUP(Flights!$G96,Airports!$A$2:$A$77,Airports!$D$2:$D$77,"Not Code Found") -> Redmond | I96: =_xlfn.XLOOKUP(Flights!$G96,Airports!$A$2:$A$77,Airports!$E$2:$E$77,"Not Code Found") -> OR | J96: 0.74583333 | K96: =HOUR(Flights!$J96) -> 17 | L96: 0 | O96: =Flights!$N96/60 -> 0 | P96: 726 | Q96: =Flights!$P96/Flights!$O96 -> #DIV/0! | R96: 0.83263889 | S96: 0 | U96: =IF(Flights!$T96="","Cancel",IF(Flights!$T96>15,"Delay","On Time")) -> Cancel | V96: =IF(Flights!$U96<>"Delay","",IF(Flights!$T96>120,"Severe",IF(Flights!$T96>60,"Major","Moderate"))) | W96: =IF(OR(AND(Flights!$U96="Cancel",Flights!$X96="Airline/Carrier"),Flights!$V96="severe"),"Yes","No") -> No | X96: Weather
A97: 42012 | B97: =WEEKNUM(Flights!$A97,2) -> 2 | C97: =WEEKDAY(Flights!$A97,2) -> 4 | D97: WN3588 | E97: Southwest | F97: LAX | G97: OAK | H97: =_xlfn.XLOOKUP(Flights!$G97,Airports!$A$2:$A$77,Airports!$D$2:$D$77,"Not Code Found") -> Oakland | I97: =_xlfn.XLOOKUP(Flights!$G97,Airports!$A$2:$A$77,Airports!$E$2:$E$77,"Not Code Found") -> CA | J97: 0.76388889 | K97: =HOUR(Flights!$J97) -> 18 | L97: 0.76597222 | M97: 3 | N97: 64 | O97: =Flights!$N97/60 -> 1.0666667 | P97: 337 | Q97: =Flights!$P97/Flights!$O97 -> 315.9375 | R97: 0.81597222 | S97: 0.81041667 | T97: -8 | U97: =IF(Flights!$T97="","Cancel",IF(Flights!$T97>15,"Delay","On Time")) -> On Time | V97: =IF(Flights!$U97<>"Delay","",IF(Flights!$T97>120,"Severe",IF(Flights!$T97>60,"Major","Moderate"))) | W97: =IF(OR(AND(Flights!$U97="Cancel",Flights!$X97="Airline/Carrier"),Flights!$V97="severe"),"Yes","No") -> No
A98: 42012 | B98: =WEEKNUM(Flights!$A98,2) -> 2 | C98: =WEEKDAY(Flights!$A98,2) -> 4 | D98: WN816 | E98: Southwest | F98: LAX | G98: OAK | H98: =_xlfn.XLOOKUP(Flights!$G98,Airports!$A$2:$A$77,Airports!$D$2:$D$77,"Not Code Found") -> Oakland | I98: =_xlfn.XLOOKUP(Flights!$G98,Airports!$A$2:$A$77,Airports!$E$2:$E$77,"Not Code Found") -> CA | J98: 0.81597222 | K98: =HOUR(Flights!$J98) -> 19 | L98: 0.81319444 | M98: -4 | N98: 64 | O98: =Flights!$N98/60 -> 1.0666667 | P98: 337 | Q98: =Flights!$P98/Flights!$O98 -> 315.9375 | R98: 0.86805556 | S98: 0.85763889 | T98: -15 | U98: =IF(Flights!$T98="","Cancel",IF(Flights!$T98>15,"Delay","On Time")) -> On Time | V98: =IF(Flights!$U98<>"Delay","",IF(Flights!$T98>120,"Severe",IF(Flights!$T98>60,"Major","Moderate"))) | W98: =IF(OR(AND(Flights!$U98="Cancel",Flights!$X98="Airline/Carrier"),Flights!$V98="severe"),"Yes","No") -> No
A99: 42013 | B99: =WEEKNUM(Flights!$A99,2) -> 2 | C99: =WEEKDAY(Flights!$A99,2) -> 5 | D99: UA1679 | E99: United | F99: LAX | G99: SFO | H99: =_xlfn.XLOOKUP(Flights!$G99,Airports!$A$2:$A$77,Airports!$D$2:$D$77,"Not Code Found") -> San Francisco | I99: =_xlfn.XLOOKUP(Flights!$G99,Airports!$A$2:$A$77,Airports!$E$2:$E$77,"Not Code Found") -> CA | J99: 0.25 | K99: =HOUR(Flights!$J99) -> 6 | L99: 0.40625 | M99: 225 | N99: 67 | O99: =Flights!$N99/60 -> 1.1166667 | P99: 337 | Q99: =Flights!$P99/Flights!$O99 -> 301.79104 | R99: 0.31180556 | S99: 0.45277778 | T99: 203 | U99: =IF(Flights!$T99="","Cancel",IF(Flights!$T99>15,"Delay","On Time")) -> Delay | V99: =IF(Flights!$U99<>"Delay","",IF(Flights!$T99>120,"Severe",IF(Flights!$T99>60,"Major","Moderate"))) -> Severe | W99: =IF(OR(AND(Flights!$U99="Cancel",Flights!$X99="Airline/Carrier"),Flights!$V99="severe"),"Yes","No") -> Yes
A100: 42013 | B100: =WEEKNUM(Flights!$A100,2) -> 2 | C100: =WEEKDAY(Flights!$A100,2) -> 5 | D100: B624 | E100: JetBlue | F100: LAX | G100: JFK | H100: =_xlfn.XLOOKUP(Flights!$G100,Airports!$A$2:$A$77,Airports!$D$2:$D$77,"Not Code Found") -> New York | I100: =_xlfn.XLOOKUP(Flights!$G100,Airports!$A$2:$A$77,Airports!$E$2:$E$77,"Not Code Found") -> NY | J100: 0.27083333 | K100: =HOUR(Flights!$J100) -> 6 | L100: 0.26597222 | M100: -7 | N100: 308 | O100: =Flights!$N100/60 -> 5.1333333 | P100: 2475 | Q100: =Flights!$P100/Flights!$O100 -> 482.14286 | R100: 0.61458333 | S100: 0.60486111 | T100: -14 | U100: =IF(Flights!$T100="","Cancel",IF(Flights!$T100>15,"Delay","On Time")) -> On Time | V100: =IF(Flights!$U100<>"Delay","",IF(Flights!$T100>120,"Severe",IF(Flights!$T100>60,"Major","Moderate"))) | W100: =IF(OR(AND(Flights!$U100="Cancel",Flights!$X100="Airline/Carrier"),Flights!$V100="severe"),"Yes","No") -> No
A101: 42013 | B101: =WEEKNUM(Flights!$A101,2) -> 2 | C101: =WEEKDAY(Flights!$A101,2) -> 5 | D101: UA330 | E101: United | F101: LAX | G101: IAH | H101: =_xlfn.XLOOKUP(Flights!$G101,Airports!$A$2:$A$77,Airports!$D$2:$D$77,"Not Code Found") -> Houston | I101: =_xlfn.XLOOKUP(Flights!$G101,Airports!$A$2:$A$77,Airports!$E$2:$E$77,"Not Code Found") -> TX | J101: 0.28611111 | K101: =HOUR(Flights!$J101) -> 6 | L101: 0.28611111 | M101: 0 | N101: 206 | O101: =Flights!$N101/60 -> 3.4333333 | P101: 1379 | Q101: =Flights!$P101/Flights!$O101 -> 401.65049 | R101: 0.50416667 | S101: 0.5125 | T101: 12 | U101: =IF(Flights!$T101="","Cancel",IF(Flights!$T101>15,"Delay","On Time")) -> On Time | V101: =IF(Flights!$U101<>"Delay","",IF(Flights!$T101>120,"Severe",IF(Flights!$T101>60,"Major","Moderate"))) | W101: =IF(OR(AND(Flights!$U101="Cancel",Flights!$X101="Airline/Carrier"),Flights!$V101="severe"),"Yes","No") -> No
A102: 42013 | B102: =WEEKNUM(Flights!$A102,2) -> 2 | C102: =WEEKDAY(Flights!$A102,2) -> 5 | D102: UA1236 | E102: United | F102: LAX | G102: ORD | H102: =_xlfn.XLOOKUP(Flights!$G102,Airports!$A$2:$A$77,Airports!$D$2:$D$77,"Not Code Found") -> Chicago | I102: =_xlfn.XLOOKUP(Flights!$G102,Airports!$A$2:$A$77,Airports!$E$2:$E$77,"Not Code Found") -> IL | J102: 0.29166667 | K102: =HOUR(Flights!$J102) -> 7 | L102: 0.29305556 | M102: 2 | N102: 279 | O102: =Flights!$N102/60 -> 4.65 | P102: 1744 | Q102: =Flights!$P102/Flights!$O102 -> 375.05376 | R102: 0.54375 | S102: 0.57013889 | T102: 38 | U102: =IF(Flights!$T102="","Cancel",IF(Flights!$T102>15,"Delay","On Time")) -> Delay | V102: =IF(Flights!$U102<>"Delay","",IF(Flights!$T102>120,"Severe",IF(Flights!$T102>60,"Major","Moderate"))) -> Moderate | W102: =IF(OR(AND(Flights!$U102="Cancel",Flights!$X102="Airline/Carrier"),Flights!$V102="severe"),"Yes","No") -> No
A103: 42013 | B103: =WEEKNUM(Flights!$A103,2) -> 2 | C103: =WEEKDAY(Flights!$A103,2) -> 5 | D103: US699 | E103: US Airways | F103: LAX | G103: RDU | H103: =_xlfn.XLOOKUP(Flights!$G103,Airports!$A$2:$A$77,Airports!$D$2:$D$77,"Not Code Found") -> Raleigh | I103: =_xlfn.XLOOKUP(Flights!$G103,Airports!$A$2:$A$77,Airports!$E$2:$E$77,"Not Code Found") -> NC | J103: 0.34027778 | K103: =HOUR(Flights!$J103) -> 8 | L103: 0.3375 | M103: -4 | N103: 285 | O103: =Flights!$N103/60 -> 4.75 | P103: 2239 | Q103: =Flights!$P103/Flights!$O103 -> 471.36842 | R103: 0.65694444 | S103: 0.66041667 | T103: 5 | U103: =IF(Flights!$T103="","Cancel",IF(Flights!$T103>15,"Delay","On Time")) -> On Time | V103: =IF(Flights!$U103<>"Delay","",IF(Flights!$T103>120,"Severe",IF(Flights!$T103>60,"Major","Moderate"))) | W103: =IF(OR(AND(Flights!$U103="Cancel",Flights!$X103="Airline/Carrier"),Flights!$V103="severe"),"Yes","No") -> No
A104: 42013 | B104: =WEEKNUM(Flights!$A104,2) -> 2 | C104: =WEEKDAY(Flights!$A104,2) -> 5 | D104: HA1 | E104: Hawaiian | F104: LAX | G104: HNL | H104: =_xlfn.XLOOKUP(Flights!$G104,Airports!$A$2:$A$77,Airports!$D$2:$D$77,"Not Code Found") -> Honolulu | I104: =_xlfn.XLOOKUP(Flights!$G104,Airports!$A$2:$A$77,Airports!$E$2:$E$77,"Not Code Found") -> HI | J104: 0.36111111 | K104: =HOUR(Flights!$J104) -> 8 | L104: 0.35833333 | M104: -4 | N104: 351 | O104: =Flights!$N104/60 -> 5.85 | P104: 2556 | Q104: =Flights!$P104/Flights!$O104 -> 436.92308 | R104: 0.51736111 | S104: 0.51875 | T104: 2 | U104: =IF(Flights!$T104="","Cancel",IF(Flights!$T104>15,"Delay","On Time")) -> On Time | V104: =IF(Flights!$U104<>"Delay","",IF(Flights!$T104>120,"Severe",IF(Flights!$T104>60,"Major","Moderate"))) | W104: =IF(OR(AND(Flights!$U104="Cancel",Flights!$X104="Airline/Carrier"),Flights!$V104="severe"),"Yes","No") -> No
A105: 42013 | B105: =WEEKNUM(Flights!$A105,2) -> 2 | C105: =WEEKDAY(Flights!$A105,2) -> 5 | D105: AA2 | E105: American Airlines | F105: LAX | G105: JFK | H105: =_xlfn.XLOOKUP(Flights!$G105,Airports!$A$2:$A$77,Airports!$D$2:$D$77,"Not Code Found") -> New York | I105: =_xlfn.XLOOKUP(Flights!$G105,Airports!$A$2:$A$77,Airports!$E$2:$E$77,"Not Code Found") -> NY | J105: 0.375 | K105: =HOUR(Flights!$J105) -> 9 | L105: 0.36944444 | M105: -8 | N105: 319 | O105: =Flights!$N105/60 -> 5.3166667 | P105: 2475 | Q105: =Flights!$P105/Flights!$O105 -> 465.51724 | R105: 0.72847222 | S105: 0.71597222 | T105: -18 | U105: =IF(Flights!$T105="","Cancel",IF(Flights!$T105>15,"Delay","On Time")) -> On Time | V105: =IF(Flights!$U105<>"Delay","",IF(Flights!$T105>120,"Severe",IF(Flights!$T105>60,"Major","Moderate"))) | W105: =IF(OR(AND(Flights!$U105="Cancel",Flights!$X105="Airline/Carrier"),Flights!$V105="severe"),"Yes","No") -> No
A106: 42013 | B106: =WEEKNUM(Flights!$A106,2) -> 2 | C106: =WEEKDAY(Flights!$A106,2) -> 5 | D106: OO2591 | E106: Skywest | F106: LAX | G106: SJC | H106: =_xlfn.XLOOKUP(Flights!$G106,Airports!$A$2:$A$77,Airports!$D$2:$D$77,"Not Code Found") -> San Jose | I106: =_xlfn.XLOOKUP(Flights!$G106,Airports!$A$2:$A$77,Airports!$E$2:$E$77,"Not Code Found") -> CA | J106: 0.41666667 | K106: =HOUR(Flights!$J106) -> 10 | L106: 0.41388889 | M106: -4 | N106: 68 | O106: =Flights!$N106/60 -> 1.1333333 | P106: 308 | Q106: =Flights!$P106/Flights!$O106 -> 271.76471 | R106: 0.46666667 | S106: 0.46111111 | T106: -8 | U106: =IF(Flights!$T106="","Cancel",IF(Flights!$T106>15,"Delay","On Time")) -> On Time | V106: =IF(Flights!$U106<>"Delay","",IF(Flights!$T106>120,"Severe",IF(Flights!$T106>60,"Major","Moderate"))) | W106: =IF(OR(AND(Flights!$U106="Cancel",Flights!$X106="Airline/Carrier"),Flights!$V106="severe"),"Yes","No") -> No
A107: 42013 | B107: =WEEKNUM(Flights!$A107,2) -> 2 | C107: =WEEKDAY(Flights!$A107,2) -> 5 | D107: AS435 | E107: Alaska Airlines | F107: LAX | G107: PDX | H107: =_xlfn.XLOOKUP(Flights!$G107,Airports!$A$2:$A$77,Airports!$D$2:$D$77,"Not Code Found") -> Portland | I107: =_xlfn.XLOOKUP(Flights!$G107,Airports!$A$2:$A$77,Airports!$E$2:$E$77,"Not Code Found") -> OR | J107: 0.43055556 | K107: =HOUR(Flights!$J107) -> 10 | L107: 0.42708333 | M107: -5 | N107: 126 | O107: =Flights!$N107/60 -> 2.1 | P107: 834 | Q107: =Flights!$P107/Flights!$O107 -> 397.14286 | R107: 0.53125 | S107: 0.51458333 | T107: -24 | U107: =IF(Flights!$T107="","Cancel",IF(Flights!$T107>15,"Delay","On Time")) -> On Time | V107: =IF(Flights!$U107<>"Delay","",IF(Flights!$T107>120,"Severe",IF(Flights!$T107>60,"Major","Moderate"))) | W107: =IF(OR(AND(Flights!$U107="Cancel",Flights!$X107="Airline/Carrier"),Flights!$V107="severe"),"Yes","No") -> No
A108: 42013 | B108: =WEEKNUM(Flights!$A108,2) -> 2 | C108: =WEEKDAY(Flights!$A108,2) -> 5 | D108: DL1706 | E108: Delta | F108: LAX | G108: DTW | H108: =_xlfn.XLOOKUP(Flights!$G108,Airports!$A$2:$A$77,Airports!$D$2:$D$77,"Not Code Found") -> Detroit | I108: =_xlfn.XLOOKUP(Flights!$G108,Airports!$A$2:$A$77,Airports!$E$2:$E$77,"Not Code Found") -> MI | J108: 0.47569444 | K108: =HOUR(Flights!$J108) -> 11 | L108: 0.475 | M108: -1 | N108: 264 | O108: =Flights!$N108/60 -> 4.4 | P108: 1979 | Q108: =Flights!$P108/Flights!$O108 -> 449.77273 | R108: 0.78958333 | S108: 0.78333333 | T108: -9 | U108: =IF(Flights!$T108="","Cancel",IF(Flights!$T108>15,"Delay","On Time")) -> On Time | V108: =IF(Flights!$U108<>"Delay","",IF(Flights!$T108>120,"Severe",IF(Flights!$T108>60,"Major","Moderate"))) | W108: =IF(OR(AND(Flights!$U108="Cancel",Flights!$X108="Airline/Carrier"),Flights!$V108="severe"),"Yes","No") -> No
... A309: 42030 | B309: =WEEKNUM(Flights!$A309,2) -> 5 | C309: =WEEKDAY(Flights!$A309,2) -> 1 | D309: WN3758 | E309: Southwest | F309: LAX | G309: SMF | H309: =_xlfn.XLOOKUP(Flights!$G309,Airports!$A$2:$A$77,Airports!$D$2:$D$77,"Not Code Found") -> Sacramento | I309: =_xlfn.XLOOKUP(Flights!$G309,Airports!$A$2:$A$77,Airports!$E$2:$E$77,"Not Code Found") -> CA | J309: 0.38888889 | K309: =HOUR(Flights!$J309) -> 9 | L309: 0.38680556 | M309: -3 | N309: 77 | O309: =Flights!$N309/60 -> 1.2833333 | P309: 373 | Q309: =Flights!$P309/Flights!$O309 -> 290.64935 | R309: 0.44444444 | S309: 0.44027778 | T309: -6 | U309: =IF(Flights!$T309="","Cancel",IF(Flights!$T309>15,"Delay","On Time")) -> On Time | V309: =IF(Flights!$U309<>"Delay","",IF(Flights!$T309>120,"Severe",IF(Flights!$T309>60,"Major","Moderate"))) | W309: =IF(OR(AND(Flights!$U309="Cancel",Flights!$X309="Airline/Carrier"),Flights!$V309="severe"),"Yes","No") -> No
A310: 42030 | B310: =WEEKNUM(Flights!$A310,2) -> 5 | C310: =WEEKDAY(Flights!$A310,2) -> 1 | D310: WN4122 | E310: Southwest | F310: LAX | G310: SFO | H310: =_xlfn.XLOOKUP(Flights!$G310,Airports!$A$2:$A$77,Airports!$D$2:$D$77,"Not Code Found") -> San Francisco | I310: =_xlfn.XLOOKUP(Flights!$G310,Airports!$A$2:$A$77,Airports!$E$2:$E$77,"Not Code Found") -> CA | J310: 0.62152778 | K310: =HOUR(Flights!$J310) -> 14 | L310: 0 | O310: =Flights!$N310/60 -> 0 | P310: 337 | Q310: =Flights!$P310/Flights!$O310 -> #DIV/0! | R310: 0.67361111 | S310: 0 | U310: =IF(Flights!$T310="","Cancel",IF(Flights!$T310>15,"Delay","On Time")) -> Cancel | V310: =IF(Flights!$U310<>"Delay","",IF(Flights!$T310>120,"Severe",IF(Flights!$T310>60,"Major","Moderate"))) | W310: =IF(OR(AND(Flights!$U310="Cancel",Flights!$X310="Airline/Carrier"),Flights!$V310="severe"),"Yes","No") -> Yes | X310: Airline/Carrier
A311: 42030 | B311: =WEEKNUM(Flights!$A311,2) -> 5 | C311: =WEEKDAY(Flights!$A311,2) -> 1 | D311: DL2362 | E311: Delta | F311: LAX | G311: JFK | H311: =_xlfn.XLOOKUP(Flights!$G311,Airports!$A$2:$A$77,Airports!$D$2:$D$77,"Not Code Found") -> New York | I311: =_xlfn.XLOOKUP(Flights!$G311,Airports!$A$2:$A$77,Airports!$E$2:$E$77,"Not Code Found") -> NY | J311: 0.66666667 | K311: =HOUR(Flights!$J311) -> 16 | L311: 0 | O311: =Flights!$N311/60 -> 0 | P311: 2475 | Q311: =Flights!$P311/Flights!$O311 -> #DIV/0! | R311: 0.011111111 | S311: 0 | U311: =IF(Flights!$T311="","Cancel",IF(Flights!$T311>15,"Delay","On Time")) -> Cancel | V311: =IF(Flights!$U311<>"Delay","",IF(Flights!$T311>120,"Severe",IF(Flights!$T311>60,"Major","Moderate"))) | W311: =IF(OR(AND(Flights!$U311="Cancel",Flights!$X311="Airline/Carrier"),Flights!$V311="severe"),"Yes","No") -> No | X311: Weather
A312: 42030 | B312: =WEEKNUM(Flights!$A312,2) -> 5 | C312: =WEEKDAY(Flights!$A312,2) -> 1 | D312: UA1429 | E312: United | F312: LAX | G312: IAD | H312: =_xlfn.XLOOKUP(Flights!$G312,Airports!$A$2:$A$77,Airports!$D$2:$D$77,"Not Code Found") -> Dulles | I312: =_xlfn.XLOOKUP(Flights!$G312,Airports!$A$2:$A$77,Airports!$E$2:$E$77,"Not Code Found") -> VA | J312: 0.67430556 | K312: =HOUR(Flights!$J312) -> 16 | L312: 0.67638889 | M312: 3 | N312: 288 | O312: =Flights!$N312/60 -> 4.8 | P312: 2288 | Q312: =Flights!$P312/Flights!$O312 -> 476.66667 | R312: 0.99930556 | S312: 0.0013888889 | T312: 3 | U312: =IF(Flights!$T312="","Cancel",IF(Flights!$T312>15,"Delay","On Time")) -> On Time | V312: =IF(Flights!$U312<>"Delay","",IF(Flights!$T312>120,"Severe",IF(Flights!$T312>60,"Major","Moderate"))) | W312: =IF(OR(AND(Flights!$U312="Cancel",Flights!$X312="Airline/Carrier"),Flights!$V312="severe"),"Yes","No") -> No
A313: 42030 | B313: =WEEKNUM(Flights!$A313,2) -> 5 | C313: =WEEKDAY(Flights!$A313,2) -> 1 | D313: AA297 | E313: American Airlines | F313: LAX | G313: HNL | H313: =_xlfn.XLOOKUP(Flights!$G313,Airports!$A$2:$A$77,Airports!$D$2:$D$77,"Not Code Found") -> Honolulu | I313: =_xlfn.XLOOKUP(Flights!$G313,Airports!$A$2:$A$77,Airports!$E$2:$E$77,"Not Code Found") -> HI | J313: 0.68402778 | K313: =HOUR(Flights!$J313) -> 16 | L313: 0.68402778 | M313: 0 | N313: 349 | O313: =Flights!$N313/60 -> 5.8166667 | P313: 2556 | Q313: =Flights!$P313/Flights!$O313 -> 439.42693 | R313: 0.85694444 | S313: 0.84305556 | T313: -20 | U313: =IF(Flights!$T313="","Cancel",IF(Flights!$T313>15,"Delay","On Time")) -> On Time | V313: =IF(Flights!$U313<>"Delay","",IF(Flights!$T313>120,"Severe",IF(Flights!$T313>60,"Major","Moderate"))) | W313: =IF(OR(AND(Flights!$U313="Cancel",Flights!$X313="Airline/Carrier"),Flights!$V313="severe"),"Yes","No") -> No
A314: 42030 | B314: =WEEKNUM(Flights!$A314,2) -> 5 | C314: =WEEKDAY(Flights!$A314,2) -> 1 | D314: NK868 | E314: Spirit | F314: LAX | G314: DFW | H314: =_xlfn.XLOOKUP(Flights!$G314,Airports!$A$2:$A$77,Airports!$D$2:$D$77,"Not Code Found") -> Dallas | I314: =_xlfn.XLOOKUP(Flights!$G314,Airports!$A$2:$A$77,Airports!$E$2:$E$77,"Not Code Found") -> TX | J314: 0.81527778 | K314: =HOUR(Flights!$J314) -> 19 | L314: 0.81458333 | M314: -1 | N314: 167 | O314: =Flights!$N314/60 -> 2.7833333 | P314: 1235 | Q314: =Flights!$P314/Flights!$O314 -> 443.71257 | R314: 0.015277778 | S314: 0.013888889 | T314: -2 | U314: =IF(Flights!$T314="","Cancel",IF(Flights!$T314>15,"Delay","On Time")) -> On Time | V314: =IF(Flights!$U314<>"Delay","",IF(Flights!$T314>120,"Severe",IF(Flights!$T314>60,"Major","Moderate"))) | W314: =IF(OR(AND(Flights!$U314="Cancel",Flights!$X314="Airline/Carrier"),Flights!$V314="severe"),"Yes","No") -> No
A315: 42030 | B315: =WEEKNUM(Flights!$A315,2) -> 5 | C315: =WEEKDAY(Flights!$A315,2) -> 1 | D315: OO4454 | E315: Skywest | F315: LAX | G315: OAK | H315: =_xlfn.XLOOKUP(Flights!$G315,Airports!$A$2:$A$77,Airports!$D$2:$D$77,"Not Code Found") -> Oakland | I315: =_xlfn.XLOOKUP(Flights!$G315,Airports!$A$2:$A$77,Airports!$E$2:$E$77,"Not Code Found") -> CA | J315: 0.85416667 | K315: =HOUR(Flights!$J315) -> 20 | L315: 0.85208333 | M315: -3 | N315: 77 | O315: =Flights!$N315/60 -> 1.2833333 | P315: 337 | Q315: =Flights!$P315/Flights!$O315 -> 262.5974 | R315: 0.9125 | S315: 0.90555556 | T315: -10 | U315: =IF(Flights!$T315="","Cancel",IF(Flights!$T315>15,"Delay","On Time")) -> On Time | V315: =IF(Flights!$U315<>"Delay","",IF(Flights!$T315>120,"Severe",IF(Flights!$T315>60,"Major","Moderate"))) | W315: =IF(OR(AND(Flights!$U315="Cancel",Flights!$X315="Airline/Carrier"),Flights!$V315="severe"),"Yes","No") -> No
A316: 42030 | B316: =WEEKNUM(Flights!$A316,2) -> 5 | C316: =WEEKDAY(Flights!$A316,2) -> 1 | D316: NK310 | E316: Spirit | F316: LAX | G316: FLL | H316: =_xlfn.XLOOKUP(Flights!$G316,Airports!$A$2:$A$77,Airports!$D$2:$D$77,"Not Code Found") -> Fort Lauderdale | I316: =_xlfn.XLOOKUP(Flights!$G316,Airports!$A$2:$A$77,Airports!$E$2:$E$77,"Not Code Found") -> FL | J316: 0.875 | K316: =HOUR(Flights!$J316) -> 21 | L316: 0.87916667 | M316: 6 | N316: 279 | O316: =Flights!$N316/60 -> 4.65 | P316: 2342 | Q316: =Flights!$P316/Flights!$O316 -> 503.65591 | R316: 0.19513889 | S316: 0.19791667 | T316: 4 | U316: =IF(Flights!$T316="","Cancel",IF(Flights!$T316>15,"Delay","On Time")) -> On Time | V316: =IF(Flights!$U316<>"Delay","",IF(Flights!$T316>120,"Severe",IF(Flights!$T316>60,"Major","Moderate"))) | W316: =IF(OR(AND(Flights!$U316="Cancel",Flights!$X316="Airline/Carrier"),Flights!$V316="severe"),"Yes","No") -> No
A317: 42030 | B317: =WEEKNUM(Flights!$A317,2) -> 5 | C317: =WEEKDAY(Flights!$A317,2) -> 1 | D317: WN981 | E317: Southwest | F317: LAX | G317: TUS | H317: =_xlfn.XLOOKUP(Flights!$G317,Airports!$A$2:$A$77,Airports!$D$2:$D$77,"Not Code Found") -> Tucson | I317: =_xlfn.XLOOKUP(Flights!$G317,Airports!$A$2:$A$77,Airports!$E$2:$E$77,"Not Code Found") -> AZ | J317: 0.89583333 | K317: =HOUR(Flights!$J317) -> 21 | L317: 0.89097222 | M317: -7 | N317: 73 | O317: =Flights!$N317/60 -> 1.2166667 | P317: 451 | Q317: =Flights!$P317/Flights!$O317 -> 370.68493 | R317: 0.98958333 | S317: 0.98333333 | T317: -9 | U317: =IF(Flights!$T317="","Cancel",IF(Flights!$T317>15,"Delay","On Time")) -> On Time | V317: =IF(Flights!$U317<>"Delay","",IF(Flights!$T317>120,"Severe",IF(Flights!$T317>60,"Major","Moderate"))) | W317: =IF(OR(AND(Flights!$U317="Cancel",Flights!$X317="Airline/Carrier"),Flights!$V317="severe"),"Yes","No") -> No
A318: 42030 | B318: =WEEKNUM(Flights!$A318,2) -> 5 | C318: =WEEKDAY(Flights!$A318,2) -> 1 | D318: DL1354 | E318: Delta | F318: LAX | G318: ATL | H318: =_xlfn.XLOOKUP(Flights!$G318,Airports!$A$2:$A$77,Airports!$D$2:$D$77,"Not Code Found") -> Atlanta | I318: =_xlfn.XLOOKUP(Flights!$G318,Airports!$A$2:$A$77,Airports!$E$2:$E$77,"Not Code Found") -> GA | J318: 0.94791667 | K318: =HOUR(Flights!$J318) -> 22 | L318: 0.94652778 | M318: -2 | N318: 253 | O318: =Flights!$N318/60 -> 4.2166667 | P318: 1947 | Q318: =Flights!$P318/Flights!$O318 -> 461.73913 | R318: 0.24444444 | S318: 0.24722222 | T318: 4 | U318: =IF(Flights!$T318="","Cancel",IF(Flights!$T318>15,"Delay","On Time")) -> On Time | V318: =IF(Flights!$U318<>"Delay","",IF(Flights!$T318>120,"Severe",IF(Flights!$T318>60,"Major","Moderate"))) | W318: =IF(OR(AND(Flights!$U318="Cancel",Flights!$X318="Airline/Carrier"),Flights!$V318="severe"),"Yes","No") -> No
A319: 42031 | B319: =WEEKNUM(Flights!$A319,2) -> 5 | C319: =WEEKDAY(Flights!$A319,2) -> 2 | D319: WN476 | E319: Southwest | F319: LAX | G319: MDW | H319: =_xlfn.XLOOKUP(Flights!$G319,Airports!$A$2:$A$77,Airports!$D$2:$D$77,"Not Code Found") -> Chicago | I319: =_xlfn.XLOOKUP(Flights!$G319,Airports!$A$2:$A$77,Airports!$E$2:$E$77,"Not Code Found") -> IL | J319: 0.26041667 | K319: =HOUR(Flights!$J319) -> 6 | L319: 0.25694444 | M319: -5 | N319: 231 | O319: =Flights!$N319/60 -> 3.85 | P319: 1750 | Q319: =Flights!$P319/Flights!$O319 -> 454.54545 | R319: 0.51388889 | S319: 0.50069444 | T319: -19 | U319: =IF(Flights!$T319="","Cancel",IF(Flights!$T319>15,"Delay","On Time")) -> On Time | V319: =IF(Flights!$U319<>"Delay","",IF(Flights!$T319>120,"Severe",IF(Flights!$T319>60,"Major","Moderate"))) | W319: =IF(OR(AND(Flights!$U319="Cancel",Flights!$X319="Airline/Carrier"),Flights!$V319="severe"),"Yes","No") -> No
A320: 42031 | B320: =WEEKNUM(Flights!$A320,2) -> 5 | C320: =WEEKDAY(Flights!$A320,2) -> 2 | D320: AA1067 | E320: American Airlines | F320: LAX | G320: ORD | H320: =_xlfn.XLOOKUP(Flights!$G320,Airports!$A$2:$A$77,Airports!$D$2:$D$77,"Not Code Found") -> Chicago | I320: =_xlfn.XLOOKUP(Flights!$G320,Airports!$A$2:$A$77,Airports!$E$2:$E$77,"Not Code Found") -> IL | J320: 0.30208333 | K320: =HOUR(Flights!$J320) -> 7 | L320: 0.29861111 | M320: -5 | N320: 242 | O320: =Flights!$N320/60 -> 4.0333333 | P320: 1744 | Q320: =Flights!$P320/Flights!$O320 -> 432.39669 | R320: 0.55416667 | S320: 0.55 | T320: -6 | U320: =IF(Flights!$T320="","Cancel",IF(Flights!$T320>15,"Delay","On Time")) -> On Time | V320: =IF(Flights!$U320<>"Delay","",IF(Flights!$T320>120,"Severe",IF(Flights!$T320>60,"Major","Moderate"))) | W320: =IF(OR(AND(Flights!$U320="Cancel",Flights!$X320="Airline/Carrier"),Flights!$V320="severe"),"Yes","No") -> No
A321: 42031 | B321: =WEEKNUM(Flights!$A321,2) -> 5 | C321: =WEEKDAY(Flights!$A321,2) -> 2 | D321: DL2515 | E321: Delta | F321: LAX | G321: SLC | H321: =_xlfn.XLOOKUP(Flights!$G321,Airports!$A$2:$A$77,Airports!$D$2:$D$77,"Not Code Found") -> Salt Lake City | I321: =_xlfn.XLOOKUP(Flights!$G321,Airports!$A$2:$A$77,Airports!$E$2:$E$77,"Not Code Found") -> UT | J321: 0.30902778 | K321: =HOUR(Flights!$J321) -> 7 | L321: 0.30833333 | M321: -1 | N321: 105 | O321: =Flights!$N321/60 -> 1.75 | P321: 590 | Q321: =Flights!$P321/Flights!$O321 -> 337.14286 | R321: 0.43194444 | S321: 0.42291667 | T321: -13 | U321: =IF(Flights!$T321="","Cancel",IF(Flights!$T321>15,"Delay","On Time")) -> On Time | V321: =IF(Flights!$U321<>"Delay","",IF(Flights!$T321>120,"Severe",IF(Flights!$T321>60,"Major","Moderate"))) | W321: =IF(OR(AND(Flights!$U321="Cancel",Flights!$X321="Airline/Carrier"),Flights!$V321="severe"),"Yes","No") -> No
A322: 42031 | B322: =WEEKNUM(Flights!$A322,2) -> 5 | C322: =WEEKDAY(Flights!$A322,2) -> 2 | D322: WN562 | E322: Southwest | F322: LAX | G322: DAL | H322: =_xlfn.XLOOKUP(Flights!$G322,Airports!$A$2:$A$77,Airports!$D$2:$D$77,"Not Code Found") -> Dallas | I322: =_xlfn.XLOOKUP(Flights!$G322,Airports!$A$2:$A$77,Airports!$E$2:$E$77,"Not Code Found") -> TX | J322: 0.31597222 | K322: =HOUR(Flights!$J322) -> 7 | L322: 0.32361111 | M322: 11 | N322: 169 | O322: =Flights!$N322/60 -> 2.8166667 | P322: 1246 | Q322: =Flights!$P322/Flights!$O322 -> 442.36686 | R322: 0.52083333 | S322: 0.52430556 | T322: 5 | U322: =IF(Flights!$T322="","Cancel",IF(Flights!$T322>15,"Delay","On Time")) -> On Time | V322: =IF(Flights!$U322<>"Delay","",IF(Flights!$T322>120,"Severe",IF(Flights!$T322>60,"Major","Moderate"))) | W322: =IF(OR(AND(Flights!$U322="Cancel",Flights!$X322="Airline/Carrier"),Flights!$V322="severe"),"Yes","No") -> No
A323: 42031 | B323: =WEEKNUM(Flights!$A323,2) -> 5 | C323: =WEEKDAY(Flights!$A323,2) -> 2 | D323: UA1429 | E323: United | F323: LAX | G323: IAD | H323: =_xlfn.XLOOKUP(Flights!$G323,Airports!$A$2:$A$77,Airports!$D$2:$D$77,"Not Code Found") -> Dulles | I323: =_xlfn.XLOOKUP(Flights!$G323,Airports!$A$2:$A$77,Airports!$E$2:$E$77,"Not Code Found") -> VA | J323: 0.38888889 | K323: =HOUR(Flights!$J323) -> 9 | L323: 0.39097222 | M323: 3 | N323: 276 | O323: =Flights!$N323/60 -> 4.6 | P323: 2288 | Q323: =Flights!$P323/Flights!$O323 -> 497.3913 | R323: 0.71388889 | S323: 0.70763889 | T323: -9 | U323: =IF(Flights!$T323="","Cancel",IF(Flights!$T323>15,"Delay","On Time")) -> On Time | V323: =IF(Flights!$U323<>"Delay","",IF(Flights!$T323>120,"Severe",IF(Flights!$T323>60,"Major","Moderate"))) | W323: =IF(OR(AND(Flights!$U323="Cancel",Flights!$X323="Airline/Carrier"),Flights!$V323="severe"),"Yes","No") -> No
... A325: 42031 | B325: =WEEKNUM(Flights!$A325,2) -> 5 | C325: =WEEKDAY(Flights!$A325,2) -> 2 | D325: UA1296 | E325: United | F325: LAX | G325: KOA | H325: =_xlfn.XLOOKUP(Flights!$G325,Airports!$A$2:$A$77,Airports!$D$2:$D$77,"Not Code Found") -> Kona | I325: =_xlfn.XLOOKUP(Flights!$G325,Airports!$A$2:$A$77,Airports!$E$2:$E$77,"Not Code Found") -> HI | J325: 0.41875 | K325: =HOUR(Flights!$J325) -> 10 | L325: 0.41736111 | M325: -2 | N325: 338 | O325: =Flights!$N325/60 -> 5.6333333 | P325: 2504 | Q325: =Flights!$P325/Flights!$O325 -> 444.49704 | R325: 0.58472222 | S325: 0.56875 | T325: -23 | U325: =IF(Flights!$T325="","Cancel",IF(Flights!$T325>15,"Delay","On Time")) -> On Time | V325: =IF(Flights!$U325<>"Delay","",IF(Flights!$T325>120,"Severe",IF(Flights!$T325>60,"Major","Moderate"))) | W325: =IF(OR(AND(Flights!$U325="Cancel",Flights!$X325="Airline/Carrier"),Flights!$V325="severe"),"Yes","No") -> No
A326: 42031 | B326: =WEEKNUM(Flights!$A326,2) -> 5 | C326: =WEEKDAY(Flights!$A326,2) -> 2 | D326: AA172 | E326: American Airlines | F326: LAX | G326: JFK | H326: =_xlfn.XLOOKUP(Flights!$G326,Airports!$A$2:$A$77,Airports!$D$2:$D$77,"Not Code Found") -> New York | I326: =_xlfn.XLOOKUP(Flights!$G326,Airports!$A$2:$A$77,Airports!$E$2:$E$77,"Not Code Found") -> NY | J326: 0.4375 | K326: =HOUR(Flights!$J326) -> 10 | L326: 0 | O326: =Flights!$N326/60 -> 0 | P326: 2475 | Q326: =Flights!$P326/Flights!$O326 -> #DIV/0! | R326: 0.79166667 | S326: 0 | U326: =IF(Flights!$T326="","Cancel",IF(Flights!$T326>15,"Delay","On Time")) -> Cancel | V326: =IF(Flights!$U326<>"Delay","",IF(Flights!$T326>120,"Severe",IF(Flights!$T326>60,"Major","Moderate"))) | W326: =IF(OR(AND(Flights!$U326="Cancel",Flights!$X326="Airline/Carrier"),Flights!$V326="severe"),"Yes","No") -> No | X326: Weather
A327: 42031 | B327: =WEEKNUM(Flights!$A327,2) -> 5 | C327: =WEEKDAY(Flights!$A327,2) -> 2 | D327: VX406 | E327: Virgin America | F327: LAX | G327: JFK | H327: =_xlfn.XLOOKUP(Flights!$G327,Airports!$A$2:$A$77,Airports!$D$2:$D$77,"Not Code Found") -> New York | I327: =_xlfn.XLOOKUP(Flights!$G327,Airports!$A$2:$A$77,Airports!$E$2:$E$77,"Not Code Found") -> NY | J327: 0.44444444 | K327: =HOUR(Flights!$J327) -> 10 | L327: 0 | O327: =Flights!$N327/60 -> 0 | P327: 2475 | Q327: =Flights!$P327/Flights!$O327 -> #DIV/0! | R327: 0.79513889 | S327: 0 | U327: =IF(Flights!$T327="","Cancel",IF(Flights!$T327>15,"Delay","On Time")) -> Cancel | V327: =IF(Flights!$U327<>"Delay","",IF(Flights!$T327>120,"Severe",IF(Flights!$T327>60,"Major","Moderate"))) | W327: =IF(OR(AND(Flights!$U327="Cancel",Flights!$X327="Airline/Carrier"),Flights!$V327="severe"),"Yes","No") -> No | X327: National Air System
A328: 42031 | B328: =WEEKNUM(Flights!$A328,2) -> 5 | C328: =WEEKDAY(Flights!$A328,2) -> 2 | D328: UA1266 | E328: United | F328: LAX | G328: SFO | H328: =_xlfn.XLOOKUP(Flights!$G328,Airports!$A$2:$A$77,Airports!$D$2:$D$77,"Not Code Found") -> San Francisco | I328: =_xlfn.XLOOKUP(Flights!$G328,Airports!$A$2:$A$77,Airports!$E$2:$E$77,"Not Code Found") -> CA | J328: 0.54861111 | K328: =HOUR(Flights!$J328) -> 13 | L328: 0.57708333 | M328: 41 | N328: 77 | O328: =Flights!$N328/60 -> 1.2833333 | P328: 337 | Q328: =Flights!$P328/Flights!$O328 -> 262.5974 | R328: 0.61180556 | S328: 0.63055556 | T328: 27 | U328: =IF(Flights!$T328="","Cancel",IF(Flights!$T328>15,"Delay","On Time")) -> Delay | V328: =IF(Flights!$U328<>"Delay","",IF(Flights!$T328>120,"Severe",IF(Flights!$T328>60,"Major","Moderate"))) -> Moderate | W328: =IF(OR(AND(Flights!$U328="Cancel",Flights!$X328="Airline/Carrier"),Flights!$V328="severe"),"Yes","No") -> No
A329: 42031 | B329: =WEEKNUM(Flights!$A329,2) -> 5 | C329: =WEEKDAY(Flights!$A329,2) -> 2 | D329: US1926 | E329: US Airways | F329: LAX | G329: PHL | H329: =_xlfn.XLOOKUP(Flights!$G329,Airports!$A$2:$A$77,Airports!$D$2:$D$77,"Not Code Found") -> Philadelphia | I329: =_xlfn.XLOOKUP(Flights!$G329,Airports!$A$2:$A$77,Airports!$E$2:$E$77,"Not Code Found") -> PA | J329: 0.59027778 | K329: =HOUR(Flights!$J329) -> 14 | L329: 0 | O329: =Flights!$N329/60 -> 0 | P329: 2402 | Q329: =Flights!$P329/Flights!$O329 -> #DIV/0! | R329: 0.91944444 | S329: 0 | U329: =IF(Flights!$T329="","Cancel",IF(Flights!$T329>15,"Delay","On Time")) -> Cancel | V329: =IF(Flights!$U329<>"Delay","",IF(Flights!$T329>120,"Severe",IF(Flights!$T329>60,"Major","Moderate"))) | W329: =IF(OR(AND(Flights!$U329="Cancel",Flights!$X329="Airline/Carrier"),Flights!$V329="severe"),"Yes","No") -> No | X329: Weather
A330: 42031 | B330: =WEEKNUM(Flights!$A330,2) -> 5 | C330: =WEEKDAY(Flights!$A330,2) -> 2 | D330: AA2433 | E330: American Airlines | F330: LAX | G330: DFW | H330: =_xlfn.XLOOKUP(Flights!$G330,Airports!$A$2:$A$77,Airports!$D$2:$D$77,"Not Code Found") -> Dallas | I330: =_xlfn.XLOOKUP(Flights!$G330,Airports!$A$2:$A$77,Airports!$E$2:$E$77,"Not Code Found") -> TX | J330: 0.62152778 | K330: =HOUR(Flights!$J330) -> 14 | L330: 0.62083333 | M330: -1 | N330: 162 | O330: =Flights!$N330/60 -> 2.7 | P330: 1235 | Q330: =Flights!$P330/Flights!$O330 -> 457.40741 | R330: 0.82986111 | S330: 0.81666667 | T330: -19 | U330: =IF(Flights!$T330="","Cancel",IF(Flights!$T330>15,"Delay","On Time")) -> On Time | V330: =IF(Flights!$U330<>"Delay","",IF(Flights!$T330>120,"Severe",IF(Flights!$T330>60,"Major","Moderate"))) | W330: =IF(OR(AND(Flights!$U330="Cancel",Flights!$X330="Airline/Carrier"),Flights!$V330="severe"),"Yes","No") -> No
A331: 42031 | B331: =WEEKNUM(Flights!$A331,2) -> 5 | C331: =WEEKDAY(Flights!$A331,2) -> 2 | D331: OO5355 | E331: Skywest | F331: LAX | G331: SBA | H331: =_xlfn.XLOOKUP(Flights!$G331,Airports!$A$2:$A$77,Airports!$D$2:$D$77,"Not Code Found") -> Santa Barbara | I331: =_xlfn.XLOOKUP(Flights!$G331,Airports!$A$2:$A$77,Airports!$E$2:$E$77,"Not Code Found") -> CA | J331: 0.64861111 | K331: =HOUR(Flights!$J331) -> 15 | L331: 0.64652778 | M331: -3 | N331: 46 | O331: =Flights!$N331/60 -> 0.76666667 | P331: 89 | Q331: =Flights!$P331/Flights!$O331 -> 116.08696 | R331: 0.68125 | S331: 0.67847222 | T331: -4 | U331: =IF(Flights!$T331="","Cancel",IF(Flights!$T331>15,"Delay","On Time")) -> On Time | V331: =IF(Flights!$U331<>"Delay","",IF(Flights!$T331>120,"Severe",IF(Flights!$T331>60,"Major","Moderate"))) | W331: =IF(OR(AND(Flights!$U331="Cancel",Flights!$X331="Airline/Carrier"),Flights!$V331="severe"),"Yes","No") -> No
A332: 42031 | B332: =WEEKNUM(Flights!$A332,2) -> 5 | C332: =WEEKDAY(Flights!$A332,2) -> 2 | D332: WN2873 | E332: Southwest | F332: LAX | G332: OAK | H332: =_xlfn.XLOOKUP(Flights!$G332,Airports!$A$2:$A$77,Airports!$D$2:$D$77,"Not Code Found") -> Oakland | I332: =_xlfn.XLOOKUP(Flights!$G332,Airports!$A$2:$A$77,Airports!$E$2:$E$77,"Not Code Found") -> CA | J332: 0.69444444 | K332: =HOUR(Flights!$J332) -> 16 | L332: 0.69305556 | M332: -2 | N332: 74 | O332: =Flights!$N332/60 -> 1.2333333 | P332: 337 | Q332: =Flights!$P332/Flights!$O332 -> 273.24324 | R332: 0.74652778 | S332: 0.74444444 | T332: -3 | U332: =IF(Flights!$T332="","Cancel",IF(Flights!$T332>15,"Delay","On Time")) -> On Time | V332: =IF(Flights!$U332<>"Delay","",IF(Flights!$T332>120,"Severe",IF(Flights!$T332>60,"Major","Moderate"))) | W332: =IF(OR(AND(Flights!$U332="Cancel",Flights!$X332="Airline/Carrier"),Flights!$V332="severe"),"Yes","No") -> No
A333: 42031 | B333: =WEEKNUM(Flights!$A333,2) -> 5 | C333: =WEEKDAY(Flights!$A333,2) -> 2 | D333: AA180 | E333: American Airlines | F333: LAX | G333: JFK | H333: =_xlfn.XLOOKUP(Flights!$G333,Airports!$A$2:$A$77,Airports!$D$2:$D$77,"Not Code Found") -> New York | I333: =_xlfn.XLOOKUP(Flights!$G333,Airports!$A$2:$A$77,Airports!$E$2:$E$77,"Not Code Found") -> NY | J333: 0.70138889 | K333: =HOUR(Flights!$J333) -> 16 | L333: 0 | O333: =Flights!$N333/60 -> 0 | P333: 2475 | Q333: =Flights!$P333/Flights!$O333 -> #DIV/0! | R333: 0.047222222 | S333: 0 | U333: =IF(Flights!$T333="","Cancel",IF(Flights!$T333>15,"Delay","On Time")) -> Cancel | V333: =IF(Flights!$U333<>"Delay","",IF(Flights!$T333>120,"Severe",IF(Flights!$T333>60,"Major","Moderate"))) | W333: =IF(OR(AND(Flights!$U333="Cancel",Flights!$X333="Airline/Carrier"),Flights!$V333="severe"),"Yes","No") -> No | X333: Weather
A334: 42031 | B334: =WEEKNUM(Flights!$A334,2) -> 5 | C334: =WEEKDAY(Flights!$A334,2) -> 2 | D334: VX795 | E334: Virgin America | F334: LAX | G334: SEA | H334: =_xlfn.XLOOKUP(Flights!$G334,Airports!$A$2:$A$77,Airports!$D$2:$D$77,"Not Code Found") -> Seattle | I334: =_xlfn.XLOOKUP(Flights!$G334,Airports!$A$2:$A$77,Airports!$E$2:$E$77,"Not Code Found") -> WA | J334: 0.73263889 | K334: =HOUR(Flights!$J334) -> 17 | L334: 0.72777778 | M334: -7 | N334: 137 | O334: =Flights!$N334/60 -> 2.2833333 | P334: 954 | Q334: =Flights!$P334/Flights!$O334 -> 417.81022 | R334: 0.84375 | S334: 0.82291667 | T334: -30 | U334: =IF(Flights!$T334="","Cancel",IF(Flights!$T334>15,"Delay","On Time")) -> On Time | V334: =IF(Flights!$U334<>"Delay","",IF(Flights!$T334>120,"Severe",IF(Flights!$T334>60,"Major","Moderate"))) | W334: =IF(OR(AND(Flights!$U334="Cancel",Flights!$X334="Airline/Carrier"),Flights!$V334="severe"),"Yes","No") -> No
A335: 42031 | B335: =WEEKNUM(Flights!$A335,2) -> 5 | C335: =WEEKDAY(Flights!$A335,2) -> 2 | D335: OO2617 | E335: Skywest | F335: LAX | G335: FAT | H335: =_xlfn.XLOOKUP(Flights!$G335,Airports!$A$2:$A$77,Airports!$D$2:$D$77,"Not Code Found") -> Fresno | I335: =_xlfn.XLOOKUP(Flights!$G335,Airports!$A$2:$A$77,Airports!$E$2:$E$77,"Not Code Found") -> CA | J335: 0.74027778 | K335: =HOUR(Flights!$J335) -> 17 | L335: 0.73819444 | M335: -3 | N335: 56 | O335: =Flights!$N335/60 -> 0.93333333 | P335: 209 | Q335: =Flights!$P335/Flights!$O335 -> 223.92857 | R335: 0.78263889 | S335: 0.77708333 | T335: -8 | U335: =IF(Flights!$T335="","Cancel",IF(Flights!$T335>15,"Delay","On Time")) -> On Time | V335: =IF(Flights!$U335<>"Delay","",IF(Flights!$T335>120,"Severe",IF(Flights!$T335>60,"Major","Moderate"))) | W335: =IF(OR(AND(Flights!$U335="Cancel",Flights!$X335="Airline/Carrier"),Flights!$V335="severe"),"Yes","No") -> No
A336: 42031 | B336: =WEEKNUM(Flights!$A336,2) -> 5 | C336: =WEEKDAY(Flights!$A336,2) -> 2 | D336: AA2463 | E336: American Airlines | F336: LAX | G336: DFW | H336: =_xlfn.XLOOKUP(Flights!$G336,Airports!$A$2:$A$77,Airports!$D$2:$D$77,"Not Code Found") -> Dallas | I336: =_xlfn.XLOOKUP(Flights!$G336,Airports!$A$2:$A$77,Airports!$E$2:$E$77,"Not Code Found") -> TX | J336: 0.78819444 | K336: =HOUR(Flights!$J336) -> 18 | L336: 0.78402778 | M336: -6 | N336: 164 | O336: =Flights!$N336/60 -> 2.7333333 | P336: 1235 | Q336: =Flights!$P336/Flights!$O336 -> 451.82927 | R336: 0.98958333 | S336: 0.98125 | T336: -12 | U336: =IF(Flights!$T336="","Cancel",IF(Flights!$T336>15,"Delay","On Time")) -> On Time | V336: =IF(Flights!$U336<>"Delay","",IF(Flights!$T336>120,"Severe",IF(Flights!$T336>60,"Major","Moderate"))) | W336: =IF(OR(AND(Flights!$U336="Cancel",Flights!$X336="Airline/Carrier"),Flights!$V336="severe"),"Yes","No") -> No
A337: 42031 | B337: =WEEKNUM(Flights!$A337,2) -> 5 | C337: =WEEKDAY(Flights!$A337,2) -> 2 | D337: OO2590 | E337: Skywest | F337: LAX | G337: SAN | H337: =_xlfn.XLOOKUP(Flights!$G337,Airports!$A$2:$A$77,Airports!$D$2:$D$77,"Not Code Found") -> San Diego | I337: =_xlfn.XLOOKUP(Flights!$G337,Airports!$A$2:$A$77,Airports!$E$2:$E$77,"Not Code Found") -> CA | J337: 0.79166667 | K337: =HOUR(Flights!$J337) -> 19 | L337: 0.81319444 | M337: 31 | N337: 49 | O337: =Flights!$N337/60 -> 0.81666667 | P337: 109 | Q337: =Flights!$P337/Flights!$O337 -> 133.46939 | R337: 0.82361111 | S337: 0.84722222 | T337: 34 | U337: =IF(Flights!$T337="","Cancel",IF(Flights!$T337>15,"Delay","On Time")) -> Delay | V337: =IF(Flights!$U337<>"Delay","",IF(Flights!$T337>120,"Severe",IF(Flights!$T337>60,"Major","Moderate"))) -> Moderate | W337: =IF(OR(AND(Flights!$U337="Cancel",Flights!$X337="Airline/Carrier"),Flights!$V337="severe"),"Yes","No") -> No
A338: 42031 | B338: =WEEKNUM(Flights!$A338,2) -> 5 | C338: =WEEKDAY(Flights!$A338,2) -> 2 | D338: WN946 | E338: Southwest | F338: LAX | G338: SJC | H338: =_xlfn.XLOOKUP(Flights!$G338,Airports!$A$2:$A$77,Airports!$D$2:$D$77,"Not Code Found") -> San Jose | I338: =_xlfn.XLOOKUP(Flights!$G338,Airports!$A$2:$A$77,Airports!$E$2:$E$77,"Not Code Found") -> CA | J338: 0.79513889 | K338: =HOUR(Flights!$J338) -> 19 | L338: 0.79236111 | M338: -4 | N338: 58 | O338: =Flights!$N338/60 -> 0.96666667 | P338: 308 | Q338: =Flights!$P338/Flights!$O338 -> 318.62069 | R338: 0.84027778 | S338: 0.83263889 | T338: -11 | U338: =IF(Flights!$T338="","Cancel",IF(Flights!$T338>15,"Delay","On Time")) -> On Time | V338: =IF(Flights!$U338<>"Delay","",IF(Flights!$T338>120,"Severe",IF(Flights!$T338>60,"Major","Moderate"))) | W338: =IF(OR(AND(Flights!$U338="Cancel",Flights!$X338="Airline/Carrier"),Flights!$V338="severe"),"Yes","No") -> No
A339: 42031 | B339: =WEEKNUM(Flights!$A339,2) -> 5 | C339: =WEEKDAY(Flights!$A339,2) -> 2 | D339: WN880 | E339: Southwest | F339: LAX | G339: SLC | H339: =_xlfn.XLOOKUP(Flights!$G339,Airports!$A$2:$A$77,Airports!$D$2:$D$77,"Not Code Found") -> Salt Lake City | I339: =_xlfn.XLOOKUP(Flights!$G339,Airports!$A$2:$A$77,Airports!$E$2:$E$77,"Not Code Found") -> UT | J339: 0.83680556 | K339: =HOUR(Flights!$J339) -> 20 | L339: 0.83402778 | M339: -4 | N339: 84 | O339: =Flights!$N339/60 -> 1.4 | P339: 590 | Q339: =Flights!$P339/Flights!$O339 -> 421.42857 | R339: 0.95138889 | S339: 0.93402778 | T339: -25 | U339: =IF(Flights!$T339="","Cancel",IF(Flights!$T339>15,"Delay","On Time")) -> On Time | V339: =IF(Flights!$U339<>"Delay","",IF(Flights!$T339>120,"Severe",IF(Flights!$T339>60,"Major","Moderate"))) | W339: =IF(OR(AND(Flights!$U339="Cancel",Flights!$X339="Airline/Carrier"),Flights!$V339="severe"),"Yes","No") -> No
A340: 42032 | B340: =WEEKNUM(Flights!$A340,2) -> 5 | C340: =WEEKDAY(Flights!$A340,2) -> 3 | D340: UA212 | E340: United | F340: LAX | G340: JFK | H340: =_xlfn.XLOOKUP(Flights!$G340,Airports!$A$2:$A$77,Airports!$D$2:$D$77,"Not Code Found") -> New York | I340: =_xlfn.XLOOKUP(Flights!$G340,Airports!$A$2:$A$77,Airports!$E$2:$E$77,"Not Code Found") -> NY | J340: 0.25347222 | K340: =HOUR(Flights!$J340) -> 6 | L340: 0.24791667 | M340: -8 | N340: 313 | O340: =Flights!$N340/60 -> 5.2166667 | P340: 2475 | Q340: =Flights!$P340/Flights!$O340 -> 474.44089 | R340: 0.60347222 | S340: 0.59027778 | T340: -19 | U340: =IF(Flights!$T340="","Cancel",IF(Flights!$T340>15,"Delay","On Time")) -> On Time | V340: =IF(Flights!$U340<>"Delay","",IF(Flights!$T340>120,"Severe",IF(Flights!$T340>60,"Major","Moderate"))) | W340: =IF(OR(AND(Flights!$U340="Cancel",Flights!$X340="Airline/Carrier"),Flights!$V340="severe"),"Yes","No") -> No
A341: 42032 | B341: =WEEKNUM(Flights!$A341,2) -> 5 | C341: =WEEKDAY(Flights!$A341,2) -> 3 | D341: AA253 | E341: American Airlines | F341: LAX | G341: OGG | H341: =_xlfn.XLOOKUP(Flights!$G341,Airports!$A$2:$A$77,Airports!$D$2:$D$77,"Not Code Found") -> Kahului | I341: =_xlfn.XLOOKUP(Flights!$G341,Airports!$A$2:$A$77,Airports!$E$2:$E$77,"Not Code Found") -> HI | J341: 0.375 | K341: =HOUR(Flights!$J341) -> 9 | L341: 0.37013889 | M341: -7 | N341: 356 | O341: =Flights!$N341/60 -> 5.9333333 | P341: 2486 | Q341: =Flights!$P341/Flights!$O341 -> 418.98876 | R341: 0.53888889 | S341: 0.53402778 | T341: -7 | U341: =IF(Flights!$T341="","Cancel",IF(Flights!$T341>15,"Delay","On Time")) -> On Time | V341: =IF(Flights!$U341<>"Delay","",IF(Flights!$T341>120,"Severe",IF(Flights!$T341>60,"Major","Moderate"))) | W341: =IF(OR(AND(Flights!$U341="Cancel",Flights!$X341="Airline/Carrier"),Flights!$V341="severe"),"Yes","No") -> No
A342: 42032 | B342: =WEEKNUM(Flights!$A342,2) -> 5 | C342: =WEEKDAY(Flights!$A342,2) -> 3 | D342: WN328 | E342: Southwest | F342: LAX | G342: MDW | H342: =_xlfn.XLOOKUP(Flights!$G342,Airports!$A$2:$A$77,Airports!$D$2:$D$77,"Not Code Found") -> Chicago | I342: =_xlfn.XLOOKUP(Flights!$G342,Airports!$A$2:$A$77,Airports!$E$2:$E$77,"Not Code Found") -> IL | J342: 0.40277778 | K342: =HOUR(Flights!$J342) -> 9 | L342: 0.40069444 | M342: -3 | N342: 221 | O342: =Flights!$N342/60 -> 3.6833333 | P342: 1750 | Q342: =Flights!$P342/Flights!$O342 -> 475.11312 | R342: 0.64583333 | S342: 0.6375 | T342: -12 | U342: =IF(Flights!$T342="","Cancel",IF(Flights!$T342>15,"Delay","On Time")) -> On Time | V342: =IF(Flights!$U342<>"Delay","",IF(Flights!$T342>120,"Severe",IF(Flights!$T342>60,"Major","Moderate"))) | W342: =IF(OR(AND(Flights!$U342="Cancel",Flights!$X342="Airline/Carrier"),Flights!$V342="severe"),"Yes","No") -> No
A343: 42032 | B343: =WEEKNUM(Flights!$A343,2) -> 5 | C343: =WEEKDAY(Flights!$A343,2) -> 3 | D343: OO6300 | E343: Skywest | F343: LAX | G343: PSP | H343: =_xlfn.XLOOKUP(Flights!$G343,Airports!$A$2:$A$77,Airports!$D$2:$D$77,"Not Code Found") -> Palm Springs | I343: =_xlfn.XLOOKUP(Flights!$G343,Airports!$A$2:$A$77,Airports!$E$2:$E$77,"Not Code Found") -> CA | J343: 0.41666667 | K343: =HOUR(Flights!$J343) -> 10 | L343: 0.4125 | M343: -6 | N343: 59 | O343: =Flights!$N343/60 -> 0.98333333 | P343: 110 | Q343: =Flights!$P343/Flights!$O343 -> 111.86441 | R343: 0.45763889 | S343: 0.45347222 | T343: -6 | U343: =IF(Flights!$T343="","Cancel",IF(Flights!$T343>15,"Delay","On Time")) -> On Time | V343: =IF(Flights!$U343<>"Delay","",IF(Flights!$T343>120,"Severe",IF(Flights!$T343>60,"Major","Moderate"))) | W343: =IF(OR(AND(Flights!$U343="Cancel",Flights!$X343="Airline/Carrier"),Flights!$V343="severe"),"Yes","No") -> No
A344: 42032 | B344: =WEEKNUM(Flights!$A344,2) -> 5 | C344: =WEEKDAY(Flights!$A344,2) -> 3 | D344: F9404 | E344: Frontier | F344: LAX | G344: DEN | H344: =_xlfn.XLOOKUP(Flights!$G344,Airports!$A$2:$A$77,Airports!$D$2:$D$77,"Not Code Found") -> Denver | I344: =_xlfn.XLOOKUP(Flights!$G344,Airports!$A$2:$A$77,Airports!$E$2:$E$77,"Not Code Found") -> CO | J344: 0.42986111 | K344: =HOUR(Flights!$J344) -> 10 | L344: 0.42916667 | M344: -1 | N344: 122 | O344: =Flights!$N344/60 -> 2.0333333 | P344: 862 | Q344: =Flights!$P344/Flights!$O344 -> 423.93443 | R344: 0.56597222 | S344: 0.55555556 | T344: -15 | U344: =IF(Flights!$T344="","Cancel",IF(Flights!$T344>15,"Delay","On Time")) -> On Time | V344: =IF(Flights!$U344<>"Delay","",IF(Flights!$T344>120,"Severe",IF(Flights!$T344>60,"Major","Moderate"))) | W344: =IF(OR(AND(Flights!$U344="Cancel",Flights!$X344="Airline/Carrier"),Flights!$V344="severe"),"Yes","No") -> No
A345: 42032 | B345: =WEEKNUM(Flights!$A345,2) -> 5 | C345: =WEEKDAY(Flights!$A345,2) -> 3 | D345: WN1963 | E345: Southwest | F345: LAX | G345: MCI | H345: =_xlfn.XLOOKUP(Flights!$G345,Airports!$A$2:$A$77,Airports!$D$2:$D$77,"Not Code Found") -> Kansas City | I345: =_xlfn.XLOOKUP(Flights!$G345,Airports!$A$2:$A$77,Airports!$E$2:$E$77,"Not Code Found") -> MO | J345: 0.45486111 | K345: =HOUR(Flights!$J345) -> 10 | L345: 0.45486111 | M345: 0 | N345: 168 | O345: =Flights!$N345/60 -> 2.8 | P345: 1363 | Q345: =Flights!$P345/Flights!$O345 -> 486.78571 | R345: 0.67013889 | S345: 0.65486111 | T345: -22 | U345: =IF(Flights!$T345="","Cancel",IF(Flights!$T345>15,"Delay","On Time")) -> On Time | V345: =IF(Flights!$U345<>"Delay","",IF(Flights!$T345>120,"Severe",IF(Flights!$T345>60,"Major","Moderate"))) | W345: =IF(OR(AND(Flights!$U345="Cancel",Flights!$X345="Airline/Carrier"),Flights!$V345="severe"),"Yes","No") -> No
... A385: 42035 | B385: =WEEKNUM(Flights!$A385,2) -> 5 | C385: =WEEKDAY(Flights!$A385,2) -> 6 | D385: OO6430 | E385: Skywest | F385: LAX | G385: SAT | H385: =_xlfn.XLOOKUP(Flights!$G385,Airports!$A$2:$A$77,Airports!$D$2:$D$77,"Not Code Found") -> San Antonio | I385: =_xlfn.XLOOKUP(Flights!$G385,Airports!$A$2:$A$77,Airports!$E$2:$E$77,"Not Code Found") -> TX | J385: 0.6 | K385: =HOUR(Flights!$J385) -> 14 | L385: 0.59722222 | M385: -4 | N385: 165 | O385: =Flights!$N385/60 -> 2.75 | P385: 1211 | Q385: =Flights!$P385/Flights!$O385 -> 440.36364 | R385: 0.80069444 | S385: 0.79513889 | T385: -8 | U385: =IF(Flights!$T385="","Cancel",IF(Flights!$T385>15,"Delay","On Time")) -> On Time | V385: =IF(Flights!$U385<>"Delay","",IF(Flights!$T385>120,"Severe",IF(Flights!$T385>60,"Major","Moderate"))) | W385: =IF(OR(AND(Flights!$U385="Cancel",Flights!$X385="Airline/Carrier"),Flights!$V385="severe"),"Yes","No") -> No
A386: 42035 | B386: =WEEKNUM(Flights!$A386,2) -> 5 | C386: =WEEKDAY(Flights!$A386,2) -> 6 | D386: WN2796 | E386: Southwest | F386: LAX | G386: MDW | H386: =_xlfn.XLOOKUP(Flights!$G386,Airports!$A$2:$A$77,Airports!$D$2:$D$77,"Not Code Found") -> Chicago | I386: =_xlfn.XLOOKUP(Flights!$G386,Airports!$A$2:$A$77,Airports!$E$2:$E$77,"Not Code Found") -> IL | J386: 0.64236111 | K386: =HOUR(Flights!$J386) -> 15 | L386: 0 | O386: =Flights!$N386/60 -> 0 | P386: 1750 | Q386: =Flights!$P386/Flights!$O386 -> #DIV/0! | R386: 0.88888889 | S386: 0 | U386: =IF(Flights!$T386="","Cancel",IF(Flights!$T386>15,"Delay","On Time")) -> Cancel | V386: =IF(Flights!$U386<>"Delay","",IF(Flights!$T386>120,"Severe",IF(Flights!$T386>60,"Major","Moderate"))) | W386: =IF(OR(AND(Flights!$U386="Cancel",Flights!$X386="Airline/Carrier"),Flights!$V386="severe"),"Yes","No") -> No | X386: Weather
A387: 42035 | B387: =WEEKNUM(Flights!$A387,2) -> 5 | C387: =WEEKDAY(Flights!$A387,2) -> 6 | D387: UA1750 | E387: United | F387: LAX | G387: SFO | H387: =_xlfn.XLOOKUP(Flights!$G387,Airports!$A$2:$A$77,Airports!$D$2:$D$77,"Not Code Found") -> San Francisco | I387: =_xlfn.XLOOKUP(Flights!$G387,Airports!$A$2:$A$77,Airports!$E$2:$E$77,"Not Code Found") -> CA | J387: 0.67083333 | K387: =HOUR(Flights!$J387) -> 16 | L387: 0.66458333 | M387: -9 | N387: 70 | O387: =Flights!$N387/60 -> 1.1666667 | P387: 337 | Q387: =Flights!$P387/Flights!$O387 -> 288.85714 | R387: 0.72638889 | S387: 0.71319444 | T387: -19 | U387: =IF(Flights!$T387="","Cancel",IF(Flights!$T387>15,"Delay","On Time")) -> On Time | V387: =IF(Flights!$U387<>"Delay","",IF(Flights!$T387>120,"Severe",IF(Flights!$T387>60,"Major","Moderate"))) | W387: =IF(OR(AND(Flights!$U387="Cancel",Flights!$X387="Airline/Carrier"),Flights!$V387="severe"),"Yes","No") -> No
A388: 42035 | B388: =WEEKNUM(Flights!$A388,2) -> 5 | C388: =WEEKDAY(Flights!$A388,2) -> 6 | D388: WN3264 | E388: Southwest | F388: LAX | G388: DAL | H388: =_xlfn.XLOOKUP(Flights!$G388,Airports!$A$2:$A$77,Airports!$D$2:$D$77,"Not Code Found") -> Dallas | I388: =_xlfn.XLOOKUP(Flights!$G388,Airports!$A$2:$A$77,Airports!$E$2:$E$77,"Not Code Found") -> TX | J388: 0.80208333 | K388: =HOUR(Flights!$J388) -> 19 | L388: 0.79791667 | M388: -6 | N388: 163 | O388: =Flights!$N388/60 -> 2.7166667 | P388: 1246 | Q388: =Flights!$P388/Flights!$O388 -> 458.65031 | R388: 0.99652778 | S388: 0.99444444 | T388: -3 | U388: =IF(Flights!$T388="","Cancel",IF(Flights!$T388>15,"Delay","On Time")) -> On Time | V388: =IF(Flights!$U388<>"Delay","",IF(Flights!$T388>120,"Severe",IF(Flights!$T388>60,"Major","Moderate"))) | W388: =IF(OR(AND(Flights!$U388="Cancel",Flights!$X388="Airline/Carrier"),Flights!$V388="severe"),"Yes","No") -> No
A389: 42035 | B389: =WEEKNUM(Flights!$A389,2) -> 5 | C389: =WEEKDAY(Flights!$A389,2) -> 6 | D389: WN2952 | E389: Southwest | F389: LAX | G389: OAK | H389: =_xlfn.XLOOKUP(Flights!$G389,Airports!$A$2:$A$77,Airports!$D$2:$D$77,"Not Code Found") -> Oakland | I389: =_xlfn.XLOOKUP(Flights!$G389,Airports!$A$2:$A$77,Airports!$E$2:$E$77,"Not Code Found") -> CA | J389: 0.83680556 | K389: =HOUR(Flights!$J389) -> 20 | L389: 0.83472222 | M389: -3 | N389: 71 | O389: =Flights!$N389/60 -> 1.1833333 | P389: 337 | Q389: =Flights!$P389/Flights!$O389 -> 284.78873 | R389: 0.88888889 | S389: 0.88402778 | T389: -7 | U389: =IF(Flights!$T389="","Cancel",IF(Flights!$T389>15,"Delay","On Time")) -> On Time | V389: =IF(Flights!$U389<>"Delay","",IF(Flights!$T389>120,"Severe",IF(Flights!$T389>60,"Major","Moderate"))) | W389: =IF(OR(AND(Flights!$U389="Cancel",Flights!$X389="Airline/Carrier"),Flights!$V389="severe"),"Yes","No") -> No
A390: 42035 | B390: =WEEKNUM(Flights!$A390,2) -> 5 | C390: =WEEKDAY(Flights!$A390,2) -> 6 | D390: UA1747 | E390: United | F390: LAX | G390: EWR | H390: =_xlfn.XLOOKUP(Flights!$G390,Airports!$A$2:$A$77,Airports!$D$2:$D$77,"Not Code Found") -> Newark | I390: =_xlfn.XLOOKUP(Flights!$G390,Airports!$A$2:$A$77,Airports!$E$2:$E$77,"Not Code Found") -> NJ | J390: 0.92708333 | K390: =HOUR(Flights!$J390) -> 22 | L390: 0.92847222 | M390: 2 | N390: 293 | O390: =Flights!$N390/60 -> 4.8833333 | P390: 2454 | Q390: =Flights!$P390/Flights!$O390 -> 502.5256 | R390: 0.26944444 | S390: 0.25694444 | T390: -18 | U390: =IF(Flights!$T390="","Cancel",IF(Flights!$T390>15,"Delay","On Time")) -> On Time | V390: =IF(Flights!$U390<>"Delay","",IF(Flights!$T390>120,"Severe",IF(Flights!$T390>60,"Major","Moderate"))) | W390: =IF(OR(AND(Flights!$U390="Cancel",Flights!$X390="Airline/Carrier"),Flights!$V390="severe"),"Yes","No") -> No
A391: 42036 | B391: =WEEKNUM(Flights!$A391,2) -> 5 | C391: =WEEKDAY(Flights!$A391,2) -> 7 | D391: VX162 | E391: Virgin America | F391: LAX | G391: EWR | H391: =_xlfn.XLOOKUP(Flights!$G391,Airports!$A$2:$A$77,Airports!$D$2:$D$77,"Not Code Found") -> Newark | I391: =_xlfn.XLOOKUP(Flights!$G391,Airports!$A$2:$A$77,Airports!$E$2:$E$77,"Not Code Found") -> NJ | J391: 0.35069444 | K391: =HOUR(Flights!$J391) -> 8 | L391: 0.35069444 | M391: 0 | N391: 304 | O391: =Flights!$N391/60 -> 5.0666667 | P391: 2454 | Q391: =Flights!$P391/Flights!$O391 -> 484.34211 | R391: 0.6875 | S391: 0.68680556 | T391: -1 | U391: =IF(Flights!$T391="","Cancel",IF(Flights!$T391>15,"Delay","On Time")) -> On Time | V391: =IF(Flights!$U391<>"Delay","",IF(Flights!$T391>120,"Severe",IF(Flights!$T391>60,"Major","Moderate"))) | W391: =IF(OR(AND(Flights!$U391="Cancel",Flights!$X391="Airline/Carrier"),Flights!$V391="severe"),"Yes","No") -> No
A392: 42036 | B392: =WEEKNUM(Flights!$A392,2) -> 5 | C392: =WEEKDAY(Flights!$A392,2) -> 7 | D392: WN1136 | E392: Southwest | F392: LAX | G392: TUS | H392: =_xlfn.XLOOKUP(Flights!$G392,Airports!$A$2:$A$77,Airports!$D$2:$D$77,"Not Code Found") -> Tucson | I392: =_xlfn.XLOOKUP(Flights!$G392,Airports!$A$2:$A$77,Airports!$E$2:$E$77,"Not Code Found") -> AZ | J392: 0.49652778 | K392: =HOUR(Flights!$J392) -> 11 | L392: 0.5 | M392: 5 | N392: 85 | O392: =Flights!$N392/60 -> 1.4166667 | P392: 451 | Q392: =Flights!$P392/Flights!$O392 -> 318.35294 | R392: 0.59375 | S392: 0.60069444 | T392: 10 | U392: =IF(Flights!$T392="","Cancel",IF(Flights!$T392>15,"Delay","On Time")) -> On Time | V392: =IF(Flights!$U392<>"Delay","",IF(Flights!$T392>120,"Severe",IF(Flights!$T392>60,"Major","Moderate"))) | W392: =IF(OR(AND(Flights!$U392="Cancel",Flights!$X392="Airline/Carrier"),Flights!$V392="severe"),"Yes","No") -> No
A393: 42036 | B393: =WEEKNUM(Flights!$A393,2) -> 5 | C393: =WEEKDAY(Flights!$A393,2) -> 7 | D393: UA706 | E393: United | F393: LAX | G393: CLE | H393: =_xlfn.XLOOKUP(Flights!$G393,Airports!$A$2:$A$77,Airports!$D$2:$D$77,"Not Code Found") -> Cleveland | I393: =_xlfn.XLOOKUP(Flights!$G393,Airports!$A$2:$A$77,Airports!$E$2:$E$77,"Not Code Found") -> OH | J393: 0.54861111 | K393: =HOUR(Flights!$J393) -> 13 | L393: 0.54444444 | M393: -6 | N393: 274 | O393: =Flights!$N393/60 -> 4.5666667 | P393: 2052 | Q393: =Flights!$P393/Flights!$O393 -> 449.34307 | R393: 0.86041667 | S393: 0.85972222 | T393: -1 | U393: =IF(Flights!$T393="","Cancel",IF(Flights!$T393>15,"Delay","On Time")) -> On Time | V393: =IF(Flights!$U393<>"Delay","",IF(Flights!$T393>120,"Severe",IF(Flights!$T393>60,"Major","Moderate"))) | W393: =IF(OR(AND(Flights!$U393="Cancel",Flights!$X393="Airline/Carrier"),Flights!$V393="severe"),"Yes","No") -> No
A394: 42036 | B394: =WEEKNUM(Flights!$A394,2) -> 5 | C394: =WEEKDAY(Flights!$A394,2) -> 7 | D394: VX929 | E394: Virgin America | F394: LAX | G394: SFO | H394: =_xlfn.XLOOKUP(Flights!$G394,Airports!$A$2:$A$77,Airports!$D$2:$D$77,"Not Code Found") -> San Francisco | I394: =_xlfn.XLOOKUP(Flights!$G394,Airports!$A$2:$A$77,Airports!$E$2:$E$77,"Not Code Found") -> CA | J394: 0.5625 | K394: =HOUR(Flights!$J394) -> 13 | L394: 0.5625 | M394: 0 | N394: 77 | O394: =Flights!$N394/60 -> 1.2833333 | P394: 337 | Q394: =Flights!$P394/Flights!$O394 -> 262.5974 | R394: 0.61458333 | S394: 0.61597222 | T394: 2 | U394: =IF(Flights!$T394="","Cancel",IF(Flights!$T394>15,"Delay","On Time")) -> On Time | V394: =IF(Flights!$U394<>"Delay","",IF(Flights!$T394>120,"Severe",IF(Flights!$T394>60,"Major","Moderate"))) | W394: =IF(OR(AND(Flights!$U394="Cancel",Flights!$X394="Airline/Carrier"),Flights!$V394="severe"),"Yes","No") -> No
A395: 42036 | B395: =WEEKNUM(Flights!$A395,2) -> 5 | C395: =WEEKDAY(Flights!$A395,2) -> 7 | D395: US1926 | E395: US Airways | F395: LAX | G395: PHL | H395: =_xlfn.XLOOKUP(Flights!$G395,Airports!$A$2:$A$77,Airports!$D$2:$D$77,"Not Code Found") -> Philadelphia | I395: =_xlfn.XLOOKUP(Flights!$G395,Airports!$A$2:$A$77,Airports!$E$2:$E$77,"Not Code Found") -> PA | J395: 0.59027778 | K395: =HOUR(Flights!$J395) -> 14 | L395: 0.58958333 | M395: -1 | N395: 284 | O395: =Flights!$N395/60 -> 4.7333333 | P395: 2402 | Q395: =Flights!$P395/Flights!$O395 -> 507.46479 | R395: 0.91944444 | S395: 0.91180556 | T395: -11 | U395: =IF(Flights!$T395="","Cancel",IF(Flights!$T395>15,"Delay","On Time")) -> On Time | V395: =IF(Flights!$U395<>"Delay","",IF(Flights!$T395>120,"Severe",IF(Flights!$T395>60,"Major","Moderate"))) | W395: =IF(OR(AND(Flights!$U395="Cancel",Flights!$X395="Airline/Carrier"),Flights!$V395="severe"),"Yes","No") -> No
A396: 42036 | B396: =WEEKNUM(Flights!$A396,2) -> 5 | C396: =WEEKDAY(Flights!$A396,2) -> 7 | D396: VX945 | E396: Virgin America | F396: LAX | G396: SFO | H396: =_xlfn.XLOOKUP(Flights!$G396,Airports!$A$2:$A$77,Airports!$D$2:$D$77,"Not Code Found") -> San Francisco | I396: =_xlfn.XLOOKUP(Flights!$G396,Airports!$A$2:$A$77,Airports!$E$2:$E$77,"Not Code Found") -> CA | J396: 0.72222222 | K396: =HOUR(Flights!$J396) -> 17 | L396: 0.71944444 | M396: -4 | N396: 65 | O396: =Flights!$N396/60 -> 1.0833333 | P396: 337 | Q396: =Flights!$P396/Flights!$O396 -> 311.07692 | R396: 0.77430556 | S396: 0.76458333 | T396: -14 | U396: =IF(Flights!$T396="","Cancel",IF(Flights!$T396>15,"Delay","On Time")) -> On Time | V396: =IF(Flights!$U396<>"Delay","",IF(Flights!$T396>120,"Severe",IF(Flights!$T396>60,"Major","Moderate"))) | W396: =IF(OR(AND(Flights!$U396="Cancel",Flights!$X396="Airline/Carrier"),Flights!$V396="severe"),"Yes","No") -> No
A397: 42036 | B397: =WEEKNUM(Flights!$A397,2) -> 5 | C397: =WEEKDAY(Flights!$A397,2) -> 7 | D397: AA2463 | E397: American Airlines | F397: LAX | G397: DFW | H397: =_xlfn.XLOOKUP(Flights!$G397,Airports!$A$2:$A$77,Airports!$D$2:$D$77,"Not Code Found") -> Dallas | I397: =_xlfn.XLOOKUP(Flights!$G397,Airports!$A$2:$A$77,Airports!$E$2:$E$77,"Not Code Found") -> TX | J397: 0.78819444 | K397: =HOUR(Flights!$J397) -> 18 | L397: 0.78263889 | M397: -8 | N397: 165 | O397: =Flights!$N397/60 -> 2.75 | P397: 1235 | Q397: =Flights!$P397/Flights!$O397 -> 449.09091 | R397: 0.98958333 | S397: 0.98055556 | T397: -13 | U397: =IF(Flights!$T397="","Cancel",IF(Flights!$T397>15,"Delay","On Time")) -> On Time | V397: =IF(Flights!$U397<>"Delay","",IF(Flights!$T397>120,"Severe",IF(Flights!$T397>60,"Major","Moderate"))) | W397: =IF(OR(AND(Flights!$U397="Cancel",Flights!$X397="Airline/Carrier"),Flights!$V397="severe"),"Yes","No") -> No
A398: 42037 | B398: =WEEKNUM(Flights!$A398,2) -> 6 | C398: =WEEKDAY(Flights!$A398,2) -> 1 | D398: OO2629 | E398: Skywest | F398: LAX | G398: ELP | H398: =_xlfn.XLOOKUP(Flights!$G398,Airports!$A$2:$A$77,Airports!$D$2:$D$77,"Not Code Found") -> El Paso | I398: =_xlfn.XLOOKUP(Flights!$G398,Airports!$A$2:$A$77,Airports!$E$2:$E$77,"Not Code Found") -> TX | J398: 0.36180556 | K398: =HOUR(Flights!$J398) -> 8 | L398: 0.37986111 | M398: 26 | N398: 111 | O398: =Flights!$N398/60 -> 1.85 | P398: 715 | Q398: =Flights!$P398/Flights!$O398 -> 386.48649 | R398: 0.48472222 | S398: 0.49861111 | T398: 20 | U398: =IF(Flights!$T398="","Cancel",IF(Flights!$T398>15,"Delay","On Time")) -> Delay | V398: =IF(Flights!$U398<>"Delay","",IF(Flights!$T398>120,"Severe",IF(Flights!$T398>60,"Major","Moderate"))) -> Moderate | W398: =IF(OR(AND(Flights!$U398="Cancel",Flights!$X398="Airline/Carrier"),Flights!$V398="severe"),"Yes","No") -> No
... A581: 42051 | B581: =WEEKNUM(Flights!$A581,2) -> 8 | C581: =WEEKDAY(Flights!$A581,2) -> 1 | D581: OO6399 | E581: Skywest | F581: LAX | G581: BZN | H581: =_xlfn.XLOOKUP(Flights!$G581,Airports!$A$2:$A$77,Airports!$D$2:$D$77,"Not Code Found") -> Bozeman | I581: =_xlfn.XLOOKUP(Flights!$G581,Airports!$A$2:$A$77,Airports!$E$2:$E$77,"Not Code Found") -> MT | J581: 0.4375 | K581: =HOUR(Flights!$J581) -> 10 | L581: 0.43680556 | M581: -1 | N581: 176 | O581: =Flights!$N581/60 -> 2.9333333 | P581: 902 | Q581: =Flights!$P581/Flights!$O581 -> 307.5 | R581: 0.58680556 | S581: 0.60069444 | T581: 20 | U581: =IF(Flights!$T581="","Cancel",IF(Flights!$T581>15,"Delay","On Time")) -> Delay | V581: =IF(Flights!$U581<>"Delay","",IF(Flights!$T581>120,"Severe",IF(Flights!$T581>60,"Major","Moderate"))) -> Moderate | W581: =IF(OR(AND(Flights!$U581="Cancel",Flights!$X581="Airline/Carrier"),Flights!$V581="severe"),"Yes","No") -> No
A582: 42051 | B582: =WEEKNUM(Flights!$A582,2) -> 8 | C582: =WEEKDAY(Flights!$A582,2) -> 1 | D582: AA1307 | E582: American Airlines | F582: LAX | G582: BNA | H582: =_xlfn.XLOOKUP(Flights!$G582,Airports!$A$2:$A$77,Airports!$D$2:$D$77,"Not Code Found") -> Nashville | I582: =_xlfn.XLOOKUP(Flights!$G582,Airports!$A$2:$A$77,Airports!$E$2:$E$77,"Not Code Found") -> TN | J582: 0.48958333 | K582: =HOUR(Flights!$J582) -> 11 | L582: 0 | O582: =Flights!$N582/60 -> 0 | P582: 1797 | Q582: =Flights!$P582/Flights!$O582 -> #DIV/0! | R582: 0.73333333 | S582: 0 | U582: =IF(Flights!$T582="","Cancel",IF(Flights!$T582>15,"Delay","On Time")) -> Cancel | V582: =IF(Flights!$U582<>"Delay","",IF(Flights!$T582>120,"Severe",IF(Flights!$T582>60,"Major","Moderate"))) | W582: =IF(OR(AND(Flights!$U582="Cancel",Flights!$X582="Airline/Carrier"),Flights!$V582="severe"),"Yes","No") -> No | X582: Weather
A583: 42051 | B583: =WEEKNUM(Flights!$A583,2) -> 8 | C583: =WEEKDAY(Flights!$A583,2) -> 1 | D583: UA1169 | E583: United | F583: LAX | G583: IAH | H583: =_xlfn.XLOOKUP(Flights!$G583,Airports!$A$2:$A$77,Airports!$D$2:$D$77,"Not Code Found") -> Houston | I583: =_xlfn.XLOOKUP(Flights!$G583,Airports!$A$2:$A$77,Airports!$E$2:$E$77,"Not Code Found") -> TX | J583: 0.53333333 | K583: =HOUR(Flights!$J583) -> 12 | L583: 0 | O583: =Flights!$N583/60 -> 0 | P583: 1379 | Q583: =Flights!$P583/Flights!$O583 -> #DIV/0! | R583: 0.75 | S583: 0 | U583: =IF(Flights!$T583="","Cancel",IF(Flights!$T583>15,"Delay","On Time")) -> Cancel | V583: =IF(Flights!$U583<>"Delay","",IF(Flights!$T583>120,"Severe",IF(Flights!$T583>60,"Major","Moderate"))) | W583: =IF(OR(AND(Flights!$U583="Cancel",Flights!$X583="Airline/Carrier"),Flights!$V583="severe"),"Yes","No") -> Yes | X583: Airline/Carrier
A584: 42051 | B584: =WEEKNUM(Flights!$A584,2) -> 8 | C584: =WEEKDAY(Flights!$A584,2) -> 1 | D584: WN913 | E584: Southwest | F584: LAX | G584: SMF | H584: =_xlfn.XLOOKUP(Flights!$G584,Airports!$A$2:$A$77,Airports!$D$2:$D$77,"Not Code Found") -> Sacramento | I584: =_xlfn.XLOOKUP(Flights!$G584,Airports!$A$2:$A$77,Airports!$E$2:$E$77,"Not Code Found") -> CA | J584: 0.69097222 | K584: =HOUR(Flights!$J584) -> 16 | L584: 0.70138889 | M584: 15 | N584: 70 | O584: =Flights!$N584/60 -> 1.1666667 | P584: 373 | Q584: =Flights!$P584/Flights!$O584 -> 319.71429 | R584: 0.74305556 | S584: 0.75 | T584: 10 | U584: =IF(Flights!$T584="","Cancel",IF(Flights!$T584>15,"Delay","On Time")) -> On Time | V584: =IF(Flights!$U584<>"Delay","",IF(Flights!$T584>120,"Severe",IF(Flights!$T584>60,"Major","Moderate"))) | W584: =IF(OR(AND(Flights!$U584="Cancel",Flights!$X584="Airline/Carrier"),Flights!$V584="severe"),"Yes","No") -> No
A585: 42051 | B585: =WEEKNUM(Flights!$A585,2) -> 8 | C585: =WEEKDAY(Flights!$A585,2) -> 1 | D585: WN2873 | E585: Southwest | F585: LAX | G585: OAK | H585: =_xlfn.XLOOKUP(Flights!$G585,Airports!$A$2:$A$77,Airports!$D$2:$D$77,"Not Code Found") -> Oakland | I585: =_xlfn.XLOOKUP(Flights!$G585,Airports!$A$2:$A$77,Airports!$E$2:$E$77,"Not Code Found") -> CA | J585: 0.69444444 | K585: =HOUR(Flights!$J585) -> 16 | L585: 0.70069444 | M585: 9 | N585: 65 | O585: =Flights!$N585/60 -> 1.0833333 | P585: 337 | Q585: =Flights!$P585/Flights!$O585 -> 311.07692 | R585: 0.74652778 | S585: 0.74583333 | T585: -1 | U585: =IF(Flights!$T585="","Cancel",IF(Flights!$T585>15,"Delay","On Time")) -> On Time | V585: =IF(Flights!$U585<>"Delay","",IF(Flights!$T585>120,"Severe",IF(Flights!$T585>60,"Major","Moderate"))) | W585: =IF(OR(AND(Flights!$U585="Cancel",Flights!$X585="Airline/Carrier"),Flights!$V585="severe"),"Yes","No") -> No
A586: 42051 | B586: =WEEKNUM(Flights!$A586,2) -> 8 | C586: =WEEKDAY(Flights!$A586,2) -> 1 | D586: OO2576 | E586: Skywest | F586: LAX | G586: RNO | H586: =_xlfn.XLOOKUP(Flights!$G586,Airports!$A$2:$A$77,Airports!$D$2:$D$77,"Not Code Found") -> Reno | I586: =_xlfn.XLOOKUP(Flights!$G586,Airports!$A$2:$A$77,Airports!$E$2:$E$77,"Not Code Found") -> NV | J586: 0.70833333 | K586: =HOUR(Flights!$J586) -> 17 | L586: 0.70416667 | M586: -6 | N586: 100 | O586: =Flights!$N586/60 -> 1.6666667 | P586: 391 | Q586: =Flights!$P586/Flights!$O586 -> 234.6 | R586: 0.76666667 | S586: 0.77361111 | T586: 10 | U586: =IF(Flights!$T586="","Cancel",IF(Flights!$T586>15,"Delay","On Time")) -> On Time | V586: =IF(Flights!$U586<>"Delay","",IF(Flights!$T586>120,"Severe",IF(Flights!$T586>60,"Major","Moderate"))) | W586: =IF(OR(AND(Flights!$U586="Cancel",Flights!$X586="Airline/Carrier"),Flights!$V586="severe"),"Yes","No") -> No
A587: 42051 | B587: =WEEKNUM(Flights!$A587,2) -> 8 | C587: =WEEKDAY(Flights!$A587,2) -> 1 | D587: OO6296 | E587: Skywest | F587: LAX | G587: DFW | H587: =_xlfn.XLOOKUP(Flights!$G587,Airports!$A$2:$A$77,Airports!$D$2:$D$77,"Not Code Found") -> Dallas | I587: =_xlfn.XLOOKUP(Flights!$G587,Airports!$A$2:$A$77,Airports!$E$2:$E$77,"Not Code Found") -> TX | J587: 0.76875 | K587: =HOUR(Flights!$J587) -> 18 | L587: 0.81111111 | M587: 61 | N587: 168 | O587: =Flights!$N587/60 -> 2.8 | P587: 1235 | Q587: =Flights!$P587/Flights!$O587 -> 441.07143 | R587: 0.97916667 | S587: 0.011111111 | T587: 46 | U587: =IF(Flights!$T587="","Cancel",IF(Flights!$T587>15,"Delay","On Time")) -> Delay | V587: =IF(Flights!$U587<>"Delay","",IF(Flights!$T587>120,"Severe",IF(Flights!$T587>60,"Major","Moderate"))) -> Moderate | W587: =IF(OR(AND(Flights!$U587="Cancel",Flights!$X587="Airline/Carrier"),Flights!$V587="severe"),"Yes","No") -> No
A588: 42051 | B588: =WEEKNUM(Flights!$A588,2) -> 8 | C588: =WEEKDAY(Flights!$A588,2) -> 1 | D588: OO2584 | E588: Skywest | F588: LAX | G588: EUG | H588: =_xlfn.XLOOKUP(Flights!$G588,Airports!$A$2:$A$77,Airports!$D$2:$D$77,"Not Code Found") -> Eugene | I588: =_xlfn.XLOOKUP(Flights!$G588,Airports!$A$2:$A$77,Airports!$E$2:$E$77,"Not Code Found") -> OR | J588: 0.82291667 | K588: =HOUR(Flights!$J588) -> 19 | L588: 0.83680556 | M588: 20 | N588: 129 | O588: =Flights!$N588/60 -> 2.15 | P588: 748 | Q588: =Flights!$P588/Flights!$O588 -> 347.90698 | R588: 0.91319444 | S588: 0.92638889 | T588: 19 | U588: =IF(Flights!$T588="","Cancel",IF(Flights!$T588>15,"Delay","On Time")) -> Delay | V588: =IF(Flights!$U588<>"Delay","",IF(Flights!$T588>120,"Severe",IF(Flights!$T588>60,"Major","Moderate"))) -> Moderate | W588: =IF(OR(AND(Flights!$U588="Cancel",Flights!$X588="Airline/Carrier"),Flights!$V588="severe"),"Yes","No") -> No
A589: 42051 | B589: =WEEKNUM(Flights!$A589,2) -> 8 | C589: =WEEKDAY(Flights!$A589,2) -> 1 | D589: US782 | E589: US Airways | F589: LAX | G589: PHL | H589: =_xlfn.XLOOKUP(Flights!$G589,Airports!$A$2:$A$77,Airports!$D$2:$D$77,"Not Code Found") -> Philadelphia | I589: =_xlfn.XLOOKUP(Flights!$G589,Airports!$A$2:$A$77,Airports!$E$2:$E$77,"Not Code Found") -> PA | J589: 0.92708333 | K589: =HOUR(Flights!$J589) -> 22 | L589: 0.92361111 | M589: -5 | N589: 285 | O589: =Flights!$N589/60 -> 4.75 | P589: 2402 | Q589: =Flights!$P589/Flights!$O589 -> 505.68421 | R589: 0.25555556 | S589: 0.24652778 | T589: -13 | U589: =IF(Flights!$T589="","Cancel",IF(Flights!$T589>15,"Delay","On Time")) -> On Time | V589: =IF(Flights!$U589<>"Delay","",IF(Flights!$T589>120,"Severe",IF(Flights!$T589>60,"Major","Moderate"))) | W589: =IF(OR(AND(Flights!$U589="Cancel",Flights!$X589="Airline/Carrier"),Flights!$V589="severe"),"Yes","No") -> No
...

Sheet Airports
A1: IATA Code | B1: Airport Name | C1: Address | D1: City | E1: State | F1: Zip Code | G1: FullAddress | H1: Year Opened | I1: Years Open | J1: Contact Email | K1: User | L1: Domain | M1: First Name | N1: Last Name | O1: Full Name
A2: ABQ | B2: Albuquerque International Sunport | C2: 2200 Sunport Blvd SE | D2: Albuquerque | E2: NM | F2: 87106 | G2: =_xlfn.TEXTJOIN(",",TRUE,C2:F2) -> 2200 Sunport Blvd SE,Albuquerque,NM,87106 | H2: 1939 | I2: =YEAR(TODAY())-H2 -> 87 | J2: e.rogers@abqairport.com | K2: =_xlfn.TEXTBEFORE(J2,"@") -> e.rogers | L2: =_xlfn.TEXTBEFORE(_xlfn.TEXTAFTER(J2,"@"),".") -> abqairport | M2: Emily | N2: ROGERS | O2: =M2&" "&LEFT(N2,1) -> Emily R
A3: ANC | B3: Ted Stevens Anchorage International Airport | C3: 5000 W International Airport Rd | D3: Anchorage | E3: AK | F3: 99502 | G3: =_xlfn.TEXTJOIN(",",TRUE,C3:F3) -> 5000 W International Airport Rd,Anchorage,AK,99502 | H3: 1951 | I3: =YEAR(TODAY())-H3 -> 75 | J3: sprice@ancairport.com | K3: =_xlfn.TEXTBEFORE(J3,"@") -> sprice | L3: =_xlfn.TEXTBEFORE(_xlfn.TEXTAFTER(J3,"@"),".") -> ancairport | M3: Steven | N3: PRICE | O3: =M3&" "&LEFT(N3,1) -> Steven P
A4: ASE | B4: Aspen-Pitkin County Airport | C4: 233 E Airport Rd | D4: Aspen | E4: CO | F4: 81611 | G4: =_xlfn.TEXTJOIN(",",TRUE,C4:F4) -> 233 E Airport Rd,Aspen,CO,81611 | H4: 1946 | I4: =YEAR(TODAY())-H4 -> 80 | J4: megan.ward@aspenairport.com | K4: =_xlfn.TEXTBEFORE(J4,"@") -> megan.ward | L4: =_xlfn.TEXTBEFORE(_xlfn.TEXTAFTER(J4,"@"),".") -> aspenairport | M4: Megan | N4: WARD | O4: =M4&" "&LEFT(N4,1) -> Megan W
A5: ATL | B5: Hartsfield-Jackson Atlanta International Airport | C5: 6000 N Terminal Pkwy | D5: Atlanta | E5: GA | F5: 30320 | G5: =_xlfn.TEXTJOIN(",",TRUE,C5:F5) -> 6000 N Terminal Pkwy,Atlanta,GA,30320 | H5: 1925 | I5: =YEAR(TODAY())-H5 -> 101 | J5: cbaker@atlairport.com | K5: =_xlfn.TEXTBEFORE(J5,"@") -> cbaker | L5: =_xlfn.TEXTBEFORE(_xlfn.TEXTAFTER(J5,"@"),".") -> atlairport | M5: Charles | N5: BAKER | O5: =M5&" "&LEFT(N5,1) -> Charles B
A6: AUS | B6: Austin-Bergstrom International Airport | C6: 3600 Presidential Blvd | D6: Austin | E6: TX | F6: 78719 | G6: =_xlfn.TEXTJOIN(",",TRUE,C6:F6) -> 3600 Presidential Blvd,Austin,TX,78719 | H6: 1999 | I6: =YEAR(TODAY())-H6 -> 27 | J6: jedwards@austinairport.com | K6: =_xlfn.TEXTBEFORE(J6,"@") -> jedwards | L6: =_xlfn.TEXTBEFORE(_xlfn.TEXTAFTER(J6,"@"),".") -> austinairport | M6: Julia | N6: EDWARDS | O6: =M6&" "&LEFT(N6,1) -> Julia E
A7: BNA | B7: Nashville International Airport | C7: 1 Terminal Dr | D7: Nashville | E7: TN | F7: 37214 | G7: =_xlfn.TEXTJOIN(",",TRUE,C7:F7) -> 1 Terminal Dr,Nashville,TN,37214 | H7: 1937 | I7: =YEAR(TODAY())-H7 -> 89 | J7: tyler.m@bnaairport.com | K7: =_xlfn.TEXTBEFORE(J7,"@") -> tyler.m | L7: =_xlfn.TEXTBEFORE(_xlfn.TEXTAFTER(J7,"@"),".") -> bnaairport | M7: Tyler | N7: MORGAN | O7: =M7&" "&LEFT(N7,1) -> Tyler M
A8: BOI | B8: Boise Airport | C8: 3201 W Airport Way | D8: Boise | E8: ID | F8: 83705 | G8: =_xlfn.TEXTJOIN(",",TRUE,C8:F8) -> 3201 W Airport Way,Boise,ID,83705 | H8: 1936 | I8: =YEAR(TODAY())-H8 -> 90 | J8: angie.stewart@boiairport.com | K8: =_xlfn.TEXTBEFORE(J8,"@") -> angie.stewart | L8: =_xlfn.TEXTBEFORE(_xlfn.TEXTAFTER(J8,"@"),".") -> boiairport | M8: Angela | N8: STEWART | O8: =M8&" "&LEFT(N8,1) -> Angela S
A9: BOS | B9: Gen. Edward Lawrence Logan International Airport | C9: 1 Harborside Dr | D9: Boston | E9: MA | F9: 02128 | G9: =_xlfn.TEXTJOIN(",",TRUE,C9:F9) -> 1 Harborside Dr,Boston,MA,02128 | H9: 1923 | I9: =YEAR(TODAY())-H9 -> 103 | J9: mlee@loganairport.com | K9: =_xlfn.TEXTBEFORE(J9,"@") -> mlee | L9: =_xlfn.TEXTBEFORE(_xlfn.TEXTAFTER(J9,"@"),".") -> loganairport | M9: Matthew | N9: LEE | O9: =M9&" "&LEFT(N9,1) -> Matthew L
A10: BWI | B10: Baltimore-Washington International Airport | C10: 7050 Friendship Rd | D10: Baltimore | E10: MD | F10: 21240 | G10: =_xlfn.TEXTJOIN(",",TRUE,C10:F10) -> 7050 Friendship Rd,Baltimore,MD,21240 | H10: 1950 | I10: =YEAR(TODAY())-H10 -> 76 | J10: jhoward@bwiairport.com | K10: =_xlfn.TEXTBEFORE(J10,"@") -> jhoward | L10: =_xlfn.TEXTBEFORE(_xlfn.TEXTAFTER(J10,"@"),".") -> bwiairport | M10: Jessica | N10: HOWARD | O10: =M10&" "&LEFT(N10,1) -> Jessica H
A11: BZN | B11: Bozeman Yellowstone International Airport | C11: 850 Gallatin Field Rd | D11: Bozeman | E11: MT | F11: 59714 | G11: =_xlfn.TEXTJOIN(",",TRUE,C11:F11) -> 850 Gallatin Field Rd,Bozeman,MT,59714 | H11: 1942 | I11: =YEAR(TODAY())-H11 -> 84 | J11: rphillips@bozemanairport.com | K11: =_xlfn.TEXTBEFORE(J11,"@") -> rphillips | L11: =_xlfn.TEXTBEFORE(_xlfn.TEXTAFTER(J11,"@"),".") -> bozemanairport | M11: Ryan | N11: PHILLIPS | O11: =M11&" "&LEFT(N11,1) -> Ryan P
A12: CLD | B12: McClellan-Palomar Airport | C12: 2198 Palomar Airport Rd | D12: San Diego | E12: CA | F12: 92011 | G12: =_xlfn.TEXTJOIN(",",TRUE,C12:F12) -> 2198 Palomar Airport Rd,San Diego,CA,92011 | H12: 1959 | I12: =YEAR(TODAY())-H12 -> 67 | J12: ladams@carlsbadairport.com | K12: =_xlfn.TEXTBEFORE(J12,"@") -> ladams | L12: =_xlfn.TEXTBEFORE(_xlfn.TEXTAFTER(J12,"@"),".") -> carlsbadairport | M12: Lauren | N12: ADAMS | O12: =M12&" "&LEFT(N12,1) -> Lauren A
A13: CLE | B13: Cleveland Hopkins International Airport | C13: 5300 Riverside Dr | D13: Cleveland | E13: OH | F13: 44135 | G13: =_xlfn.TEXTJOIN(",",TRUE,C13:F13) -> 5300 Riverside Dr,Cleveland,OH,44135 | H13: 1925 | I13: =YEAR(TODAY())-H13 -> 101 | J13: bclark@cleairport.com | K13: =_xlfn.TEXTBEFORE(J13,"@") -> bclark | L13: =_xlfn.TEXTBEFORE(_xlfn.TEXTAFTER(J13,"@"),".") -> cleairport | M13: Benjamin | N13: CLARK | O13: =M13&" "&LEFT(N13,1) -> Benjamin C
... A36: JAC | B36: Jackson Hole Airport | C36: 1250 E Airport Rd | D36: Jackson | E36: WY | F36: 83001 | G36: =_xlfn.TEXTJOIN(",",TRUE,C36:F36) -> 1250 E Airport Rd,Jackson,WY,83001 | H36: 1930 | I36: =YEAR(TODAY())-H36 -> 96 | J36: sbarrett@jacksonholeairport.com | K36: =_xlfn.TEXTBEFORE(J36,"@") -> sbarrett | L36: =_xlfn.TEXTBEFORE(_xlfn.TEXTAFTER(J36,"@"),".") -> jacksonholeairport | M36: Scott | N36: BARRETT | O36: =M36&" "&LEFT(N36,1) -> Scott B
A37: JFK | B37: John F. Kennedy International Airport | D37: New York | E37: NY | F37: 11430 | G37: =_xlfn.TEXTJOIN(",",TRUE,C37:F37) -> New York,NY,11430 | H37: 1948 | I37: =YEAR(TODAY())-H37 -> 78 | J37: d.bennett@jfkairport.com | K37: =_xlfn.TEXTBEFORE(J37,"@") -> d.bennett | L37: =_xlfn.TEXTBEFORE(_xlfn.TEXTAFTER(J37,"@"),".") -> jfkairport | M37: David | N37: BENNETT | O37: =M37&" "&LEFT(N37,1) -> David B
A38: KOA | B38: Kona International Airport at Keahole | C38: 73-200 Kupipi St | D38: Kona | E38: HI | F38: 96740 | G38: =_xlfn.TEXTJOIN(",",TRUE,C38:F38) -> 73-200 Kupipi St,Kona,HI,96740 | H38: 1970 | I38: =YEAR(TODAY())-H38 -> 56 | J38: vreynolds@konaairport.com | K38: =_xlfn.TEXTBEFORE(J38,"@") -> vreynolds | L38: =_xlfn.TEXTBEFORE(_xlfn.TEXTAFTER(J38,"@"),".") -> konaairport | M38: Victoria | N38: REYNOLDS | O38: =M38&" "&LEFT(N38,1) -> Victoria R
A39: LAS | B39: McCarran International Airport | C39: 5757 Wayne Newton Blvd | D39: Las Vegas | E39: NV | F39: 89119 | G39: =_xlfn.TEXTJOIN(",",TRUE,C39:F39) -> 5757 Wayne Newton Blvd,Las Vegas,NV,89119 | H39: 1942 | I39: =YEAR(TODAY())-H39 -> 84 | J39: jcollins@lasairport.com | K39: =_xlfn.TEXTBEFORE(J39,"@") -> jcollins | L39: =_xlfn.TEXTBEFORE(_xlfn.TEXTAFTER(J39,"@"),".") -> lasairport | M39: Joshua | N39: COLLINS | O39: =M39&" "&LEFT(N39,1) -> Joshua C
A40: LIH | B40: Lihue Airport | C40: 3901 Mokulele Loop | D40: Lihue | E40: HI | F40: 96766 | G40: =_xlfn.TEXTJOIN(",",TRUE,C40:F40) -> 3901 Mokulele Loop,Lihue,HI,96766 | H40: 1950 | I40: =YEAR(TODAY())-H40 -> 76 | J40: monica.f@lihueairport.com | K40: =_xlfn.TEXTBEFORE(J40,"@") -> monica.f | L40: =_xlfn.TEXTBEFORE(_xlfn.TEXTAFTER(J40,"@"),".") -> lihueairport | M40: Monica | N40: FLORES | O40: =M40&" "&LEFT(N40,1) -> Monica F
A41: MCI | B41: Kansas City International Airport | C41: 1 International Square | D41: Kansas City | E41: MO | F41: 64153 | G41: =_xlfn.TEXTJOIN(",",TRUE,C41:F41) -> 1 International Square,Kansas City,MO,64153 | H41: 1972 | I41: =YEAR(TODAY())-H41 -> 54 | J41: rtorres@flykc.com | K41: =_xlfn.TEXTBEFORE(J41,"@") -> rtorres | L41: =_xlfn.TEXTBEFORE(_xlfn.TEXTAFTER(J41,"@"),".") -> flykc | M41: Richard | N41: TORRES | O41: =M41&" "&LEFT(N41,1) -> Richard T
A42: MCO | B42: Orlando International Airport | C42: 1 Jeff Fuqua Blvd | D42: Orlando | E42: FL | F42: 32827 | G42: =_xlfn.TEXTJOIN(",",TRUE,C42:F42) -> 1 Jeff Fuqua Blvd,Orlando,FL,32827 | H42: 1981 | I42: =YEAR(TODAY())-H42 -> 45 | J42: b.campbell@orlandoairports.net | K42: =_xlfn.TEXTBEFORE(J42,"@") -> b.campbell | L42: =_xlfn.TEXTBEFORE(_xlfn.TEXTAFTER(J42,"@"),".") -> orlandoairports | M42: Brooke | N42: CAMPBELL | O42: =M42&" "&LEFT(N42,1) -> Brooke C
A43: MDW | B43: Chicago Midway International Airport | C43: 5700 S Cicero Ave | D43: Chicago | E43: IL | F43: 60638 | G43: =_xlfn.TEXTJOIN(",",TRUE,C43:F43) -> 5700 S Cicero Ave,Chicago,IL,60638 | H43: 1927 | I43: =YEAR(TODAY())-H43 -> 99 | J43: jmorgan@mdwairport.com | K43: =_xlfn.TEXTBEFORE(J43,"@") -> jmorgan | L43: =_xlfn.TEXTBEFORE(_xlfn.TEXTAFTER(J43,"@"),".") -> mdwairport | M43: Jacob | N43: MORGAN | O43: =M43&" "&LEFT(N43,1) -> Jacob M
A44: MEM | B44: Memphis International Airport | C44: 2491 Winchester Rd | D44: Memphis | E44: TN | F44: 38116 | G44: =_xlfn.TEXTJOIN(",",TRUE,C44:F44) -> 2491 Winchester Rd,Memphis,TN,38116 | H44: 1929 | I44: =YEAR(TODAY())-H44 -> 97 | J44: cwatson@memairport.com | K44: =_xlfn.TEXTBEFORE(J44,"@") -> cwatson | L44: =_xlfn.TEXTBEFORE(_xlfn.TEXTAFTER(J44,"@"),".") -> memairport | M44: Caroline | N44: WATSON | O44: =M44&" "&LEFT(N44,1) -> Caroline W
A45: MIA | B45: Miami International Airport | C45: 2100 NW 42nd Ave | D45: Miami | E45: FL | F45: 33142 | G45: =_xlfn.TEXTJOIN(",",TRUE,C45:F45) -> 2100 NW 42nd Ave,Miami,FL,33142 | H45: 1928 | I45: =YEAR(TODAY())-H45 -> 98 | J45: tkelly@miairport.com | K45: =_xlfn.TEXTBEFORE(J45,"@") -> tkelly | L45: =_xlfn.TEXTBEFORE(_xlfn.TEXTAFTER(J45,"@"),".") -> miairport | M45: Thomas | N45: KELLY | O45: =M45&" "&LEFT(N45,1) -> Thomas
A46: MKE | B46: General Mitchell International Airport | C46: 5300 S Howell Ave | D46: Milwaukee | E46: WI | F46: 53207 | G46: =_xlfn.TEXTJOIN(",",TRUE,C46:F46) -> 5300 S Howell Ave,Milwaukee,WI,53207 | H46: 1927 | I46: =YEAR(TODAY())-H46 -> 99 | J46: njones@mkeairport.com | K46: =_xlfn.TEXTBEFORE(J46,"@") -> njones | L46: =_xlfn.TEXTBEFORE(_xlfn.TEXTAFTER(J46,"@"),".") -> mkeairport | M46: Natalie | N46: JONES | O46: =M46&" "&LEFT(N46,1) -> Natalie J
A47: MRY | B47: Monterey Regional Airport | C47: 200 Fred Kane Dr | D47: Monterey | E47: CA | F47: 93940 | G47: =_xlfn.TEXTJOIN(",",TRUE,C47:F47) -> 200 Fred Kane Dr,Monterey,CA,93940 | H47: 1936 | I47: =YEAR(TODAY())-H47 -> 90 | J47: ethan.b@montereyairport.com | K47: =_xlfn.TEXTBEFORE(J47,"@") -> ethan.b | L47: =_xlfn.TEXTBEFORE(_xlfn.TEXTAFTER(J47,"@"),".") -> montereyairport | M47: Ethan | N47: BENNETT | O47: =M47&" "&LEFT(N47,1) -> Ethan B
A48: MSP | B48: Minneapolis-Saint Paul International Airport | C48: 4300 Glumack Dr | D48: Minneapolis | E48: MN | F48: 55111 | G48: =_xlfn.TEXTJOIN(",",TRUE,C48:F48) -> 4300 Glumack Dr,Minneapolis,MN,55111 | H48: 1920 | I48: =YEAR(TODAY())-H48 -> 106 | J48: acruz@mspairport.com | K48: =_xlfn.TEXTBEFORE(J48,"@") -> acruz | L48: =_xlfn.TEXTBEFORE(_xlfn.TEXTAFTER(J48,"@"),".") -> mspairport | M48: Amanda | N48: CRUZ | O48: =M48&" "&LEFT(N48,1) -> Amanda C
A49: MSY | B49: Louis Armstrong New Orleans International Airport | C49: 1 Terminal Dr | D49: New Orleans | E49: LA | F49: 70062 | G49: =_xlfn.TEXTJOIN(",",TRUE,C49:F49) -> 1 Terminal Dr,New Orleans,LA,70062 | H49: 1946 | I49: =YEAR(TODAY())-H49 -> 80 | J49: jbrooks@flymsy.com | K49: =_xlfn.TEXTBEFORE(J49,"@") -> jbrooks | L49: =_xlfn.TEXTBEFORE(_xlfn.TEXTAFTER(J49,"@"),".") -> flymsy | M49: Jason | N49: BROOKS | O49: =M49&" "&LEFT(N49,1) -> Jason B
... A69: SEA | B69: Seattle-Tacoma International Airport | C69: 17801 International Blvd | D69: Seattle | E69: WA | F69: 98158 | G69: =_xlfn.TEXTJOIN(",",TRUE,C69:F69) -> 17801 International Blvd,Seattle,WA,98158 | H69: 1944 | I69: =YEAR(TODAY())-H69 -> 82 | J69: k.edwards@sea-tac.com | K69: =_xlfn.TEXTBEFORE(J69,"@") -> k.edwards | L69: =_xlfn.TEXTBEFORE(_xlfn.TEXTAFTER(J69,"@"),".") -> sea-tac | M69: Rachel | N69: COOPER | O69: =M69&" "&LEFT(N69,1) -> Rachel C
A70: SFO | B70: San Francisco International Airport | D70: San Francisco | E70: CA | F70: 94128 | G70: =_xlfn.TEXTJOIN(",",TRUE,C70:F70) -> San Francisco,CA,94128 | H70: 1927 | I70: =YEAR(TODAY())-H70 -> 99 | J70: j.hall@flysfo.com | K70: =_xlfn.TEXTBEFORE(J70,"@") -> j.hall | L70: =_xlfn.TEXTBEFORE(_xlfn.TEXTAFTER(J70,"@"),".") -> flysfo | M70: James | N70: BENNETT | O70: =M70&" "&LEFT(N70,1) -> James B
A71: SJC | B71: Norman Y. Mineta San José International Airport | C71: 1701 Airport Blvd | D71: San Jose | E71: CA | F71: 95110 | G71: =_xlfn.TEXTJOIN(",",TRUE,C71:F71) -> 1701 Airport Blvd,San Jose,CA,95110 | H71: 1945 | I71: =YEAR(TODAY())-H71 -> 81 | J71: s.campbell@sjcairport.com | K71: =_xlfn.TEXTBEFORE(J71,"@") -> s.campbell | L71: =_xlfn.TEXTBEFORE(_xlfn.TEXTAFTER(J71,"@"),".") -> sjcairport | M71: Natalie | N71: PARKER | O71: =M71&" "&LEFT(N71,1) -> Natalie P
A72: SLC | B72: Salt Lake City International Airport | C72: 776 N Terminal Dr | D72: Salt Lake City | E72: UT | F72: 84122 | G72: =_xlfn.TEXTJOIN(",",TRUE,C72:F72) -> 776 N Terminal Dr,Salt Lake City,UT,84122 | H72: 1911 | I72: =YEAR(TODAY())-H72 -> 115 | J72: w.wright@slcairport.com | K72: =_xlfn.TEXTBEFORE(J72,"@") -> w.wright | L72: =_xlfn.TEXTBEFORE(_xlfn.TEXTAFTER(J72,"@"),".") -> slcairport | M72: David | N72: HAMILTON | O72: =M72&" "&LEFT(N72,1) -> David H
A73: SMF | B73: Sacramento International Airport | C73: 6900 Airport Blvd | D73: Sacramento | E73: CA | F73: 95837 | G73: =_xlfn.TEXTJOIN(",",TRUE,C73:F73) -> 6900 Airport Blvd,Sacramento,CA,95837 | H73: 1967 | I73: =YEAR(TODAY())-H73 -> 59 | J73: n.parker@sacairport.com | K73: =_xlfn.TEXTBEFORE(J73,"@") -> n.parker | L73: =_xlfn.TEXTBEFORE(_xlfn.TEXTAFTER(J73,"@"),".") -> sacairport | M73: Olivia | N73: TORRES | O73: =M73&" "&LEFT(N73,1) -> Olivia T
A74: SMX | B74: Santa Maria Public Airport | C74: 3249 Terminal Dr | D74: Santa Maria | E74: CA | F74: 93455 | G74: =_xlfn.TEXTJOIN(",",TRUE,C74:F74) -> 3249 Terminal Dr,Santa Maria,CA,93455 | H74: 1946 | I74: =YEAR(TODAY())-H74 -> 80 | J74: l.scott@santamariaairport.com | K74: =_xlfn.TEXTBEFORE(J74,"@") -> l.scott | L74: =_xlfn.TEXTBEFORE(_xlfn.TEXTAFTER(J74,"@"),".") -> santamariaairport | M74: Andrew | N74: MILLER | O74: =M74&" "&LEFT(N74,1) -> Andrew M
A75: STL | B75: St. Louis International Airport at Lambert Field | C75: 10701 Lambert International Blvd | D75: St. Louis | E75: MO | F75: 63145 | G75: =_xlfn.TEXTJOIN(",",TRUE,C75:F75) -> 10701 Lambert International Blvd,St. Louis,MO,63145 | H75: 1920 | I75: =YEAR(TODAY())-H75 -> 106 | J75: m.garcia@flystl.com | K75: =_xlfn.TEXTBEFORE(J75,"@") -> m.garcia | L75: =_xlfn.TEXTBEFORE(_xlfn.TEXTAFTER(J75,"@"),".") -> flystl | M75: Mark | N75: THOMPSON | O75: =M75&" "&LEFT(N75,1) -> Mark T
A76: TPA | B76: Tampa International Airport | C76: 4100 George J Bean Pkwy | D76: Tampa | E76: FL | F76: 33607 | G76: =_xlfn.TEXTJOIN(",",TRUE,C76:F76) -> 4100 George J Bean Pkwy,Tampa,FL,33607 | H76: 1928 | I76: =YEAR(TODAY())-H76 -> 98 | J76: c.evans@tampaairport.com | K76: =_xlfn.TEXTBEFORE(J76,"@") -> c.evans | L76: =_xlfn.TEXTBEFORE(_xlfn.TEXTAFTER(J76,"@"),".") -> tampaairport | M76: Hannah | N76: BROOKS | O76: =M76&" "&LEFT(N76,1) -> Hannah B
A77: TUS | B77: Tucson International Airport | C77: 7250 S Tucson Blvd | D77: Tucson | E77: AZ | F77: 85756 | G77: =_xlfn.TEXTJOIN(",",TRUE,C77:F77) -> 7250 S Tucson Blvd,Tucson,AZ,85756 | H77: 1919 | I77: =YEAR(TODAY())-H77 -> 107 | J77: d.mitchell@flytucson.com | K77: =_xlfn.TEXTBEFORE(J77,"@") -> d.mitchell | L77: =_xlfn.TEXTBEFORE(_xlfn.TEXTAFTER(J77,"@"),".") -> flytucson | M77: William | N77: SCOTT | O77: =M77&" "&LEFT(N77,1) -> William S

Sheet 2016 Forecasts
B2: 2016 Forecasts
C4: Target YoY growth: | D4: 0.03 | F4: Cancellation %: | G4: 0.02 | H4: 0.015 | I4: 0.05
B6: Month | C6: 2015 Flights | D6: 2016 Forecast | F6: Month | G6: Airline/Carrier | H6: National Air System | I6: Weather
B7: January | C7: 389 | D7: {=ROUND(C7:C18 * (100%+D4),0)} -> 401 | F7: January | G7: {=ROUND(_xlfn.ANCHORARRAY(D7)*G4:I4,0)} -> 8 | H7: 6 | I7: 20
B8: February | C8: 356 | D8: 367 | F8: February | G8: 7 | H8: 6 | I8: 18
B9: March | C9: 405 | D9: 417 | F9: March | G9: 8 | H9: 6 | I9: 21
B10: April | C10: 391 | D10: 403 | F10: April | G10: 8 | H10: 6 | I10: 20
B11: May | C11: 448 | D11: 461 | F11: May | G11: 9 | H11: 7 | I11: 23
B12: June | C12: 417 | D12: 430 | F12: June | G12: 9 | H12: 6 | I12: 22
B13: July | C13: 476 | D13: 490 | F13: July | G13: 10 | H13: 7 | I13: 25
B14: August | C14: 457 | D14: 471 | F14: August | G14: 9 | H14: 7 | I14: 24
B15: September | C15: 437 | D15: 450 | F15: September | G15: 9 | H15: 7 | I15: 23
B16: October | C16: 405 | D16: 417 | F16: October | G16: 8 | H16: 6 | I16: 21
B17: November | C17: 390 | D17: 402 | F17: November | G17: 8 | H17: 6 | I17: 20
B18: December | C18: 414 | D18: 426 | F18: December | G18: 9 | H18: 6 | I18: 21
B19: Total: | C19: =SUM(C7:C18) -> 4985 | D19: =SUM(_xlfn.ANCHORARRAY(D7)) -> 5135
B20: Average: | C20: =AVERAGE(C7:C18) -> 415.41667 | D20: =AVERAGE(_xlfn.ANCHORARRAY(D7)) -> 427.91667
B21: Max: | C21: =MAX(C7:C18) -> 476 | D21: =MAX(_xlfn.ANCHORARRAY(D7)) -> 490

Sheet Report
A1: Report LAX Flights
B4: Flights: | C4: =COUNTA(Flights[Flight]) -> 4985
B5: Delays: | C5: =COUNTIFS(Flights[Status],"Delay") -> 975
B6: Avg. Delay: | C6: =AVERAGEIFS(Flights[Arrival Delay],Flights[Status],"Delay") -> 51.867692
B7: Cancellations: | C7: =C4-COUNTBLANK(Flights[Cancellation Reason]) -> 53
B8: Destinations: | C8: =COUNTA(_xlfn.UNIQUE(Flights[Destination])) -> 76
B11: Airline | C11: Flights | D11: On time | E11: Delay | F11: Cancel
B12: {=_xlfn._xlws.SORT(_xlfn.UNIQUE(Flights[Airline]))} -> Alaska Airlines | C12: {=COUNTIFS(Flights[Airline],_xlfn.ANCHORARRAY(B12))} -> 235 | D12: {=COUNTIFS(Flights[Airline],_xlfn.ANCHORARRAY(B12),Flights[Status],D11:F11)/_xlfn.ANCHORARRAY(C12)} -> 0.91489362 | E12: 0.080851064 | F12: 0.0042553191
B13: American Airlines | C13: 839 | D13: 0.84028605 | E13: 0.15256257 | F13: 0.0071513707
B14: Delta | C14: 654 | D14: 0.84556575 | E14: 0.1529052 | F14: 0.001529052
B15: Frontier | C15: 41 | D15: 0.75609756 | E15: 0.24390244 | F15: 0
B16: Hawaiian | C16: 38 | D16: 0.73684211 | E16: 0.23684211 | F16: 0.026315789
B17: JetBlue | C17: 108 | D17: 0.7962963 | E17: 0.2037037 | F17: 0
B18: Skywest | C18: 874 | D18: 0.76315789 | E18: 0.21967963 | F18: 0.017162471
B19: Southwest | C19: 971 | D19: 0.73326468 | E19: 0.24819773 | F19: 0.01853759
B20: Spirit | C20: 120 | D20: 0.66666667 | E20: 0.325 | F20: 0.0083333333
B21: United | C21: 703 | D21: 0.79231863 | E21: 0.19630156 | F21: 0.011379801
B22: US Airways | C22: 102 | D22: 0.82352941 | E22: 0.16666667 | F22: 0.0098039216
B23: Virgin America | C23: 300 | D23: 0.79666667 | E23: 0.2 | F23: 0.0033333333
